   Loaded 595 case ID(s) from downlaod_list.txt
============================================================
  GDC SVS Downloader — TCGA-COAD
============================================================
[1/3] Querying GDC API — project: TCGA-COAD, up to 2000 (filtered to 595 case IDs) SVS files …
   Total matching SVS files: 1347
   Returned this run: 1347 (requested up to 2000)

   • TCGA-CM-4750-01A-01-TS1.629832cf-be63-425a-b6c0-4db0eb826cd4.svs  (394 MB)  case=TCGA-CM-4750  [64354776-5adc-4d1c-8a12-6dd54157a7e2]
   • TCGA-AZ-4313-01Z-00-DX1.5e7ecf69-d1fd-4997-9dcc-ab8e9f10b423.svs  (634 MB)  case=TCGA-AZ-4313  [d65c5d21-6333-4a9e-9a2a-139a122a3c8a]
   • TCGA-NH-A5IV-01A-04-TS4.A8D8B4AF-2E59-40F2-A64F-3EF2CA984AD1.svs  (254 MB)  case=TCGA-NH-A5IV  [76117b24-54f6-4b64-9c4e-eb67b611eead]
   • TCGA-AA-3939-01Z-00-DX1.6ceb6e8f-a469-4f42-9597-8bf853d95640.svs  (213 MB)  case=TCGA-AA-3939  [3c964c2b-607a-437e-8fe2-3998850f9689]
   • TCGA-AA-3939-01A-01-BS1.01c069ab-221a-42a9-8788-86800c08a0d5.svs  (55 MB)  case=TCGA-AA-3939  [aa880174-939f-4688-930e-388462ffcdb1]
   • TCGA-A6-2676-11A-01-TS1.a2b894be-974e-4031-9b67-9bbe98e37fe4.svs  (85 MB)  case=TCGA-A6-2676  [a84763f5-7eda-4647-bcf3-0ad8d7827f16]
   • TCGA-DM-A28K-01Z-00-DX1.766edac4-a5c8-45ef-aff6-73e308c1f442.svs  (1610 MB)  case=TCGA-DM-A28K  [d74e8e4d-25c4-4e11-911c-9e77abb72854]
   • TCGA-AZ-4315-01A-01-BS1.3a049fbc-64bf-4fdb-a54e-3edc8f898254.svs  (245 MB)  case=TCGA-AZ-4315  [240c7bfa-7724-401d-9e1b-85a766d4c023]
   • TCGA-T9-A92H-01Z-00-DX3.1DE7D5ED-60F7-4645-8243-AB0C027B3ED7.svs  (597 MB)  case=TCGA-T9-A92H  [b9a36eb1-ce20-4166-8cb8-a00782229e61]
   • TCGA-T9-A92H-01A-01-TS1.104C633B-CD8F-4914-A284-D2E98E986F1F.svs  (278 MB)  case=TCGA-T9-A92H  [89db6ed1-ea38-413a-9f05-1336a8e2275a]
   • TCGA-AY-A8YK-01Z-00-DX1.89E3C546-0425-449B-A6FB-1C35168EA7EB.svs  (578 MB)  case=TCGA-AY-A8YK  [84ac5304-9d03-4e0f-93cd-5be1064a033a]
   • TCGA-AA-3712-01A-01-BS1.0eaed30d-e80c-4651-a066-75fc74fd06d0.svs  (116 MB)  case=TCGA-AA-3712  [f421e476-ad03-4780-8c04-0f2961117ab6]
   • TCGA-AA-3712-11A-01-TS1.eb708abe-3410-45a3-8ad6-33e4f62dba93.svs  (63 MB)  case=TCGA-AA-3712  [bc687047-9968-40e5-b6a6-03a8af7d086a]
   • TCGA-AD-6965-01A-01-TS1.18836918-906c-4bd3-8549-f2a627bcdcb3.svs  (71 MB)  case=TCGA-AD-6965  [576adc09-b755-4932-b7a3-6f55c4a41c22]
   • TCGA-AA-A03F-11A-01-TS1.d3da6818-dc72-4caf-bb72-f008f7f00fff.svs  (58 MB)  case=TCGA-AA-A03F  [227877d1-4c86-4f9f-9f74-4d22dfcdf93b]
   • TCGA-AD-6965-01A-01-BS1.c742cdfe-0491-4f97-936e-106d00aaec16.svs  (56 MB)  case=TCGA-AD-6965  [5d81b516-5406-489b-88c1-e5972449a131]
   • TCGA-AA-A03F-01Z-00-DX1.8E1A83FE-2C85-4444-A8FC-D0691817968A.svs  (634 MB)  case=TCGA-AA-A03F  [fac4903a-786f-4976-a7c4-6fce3f27e83f]
   • TCGA-AA-A02O-01Z-00-DX1.CB9BE08B-D78B-46B3-8339-A3DADD24439F.svs  (990 MB)  case=TCGA-AA-A02O  [6dffd67f-8ea7-4216-8bea-c58885e6f4e6]
   • TCGA-CA-6716-01A-01-TS1.966b0540-ff37-454b-8e76-c15eb21168fe.svs  (170 MB)  case=TCGA-CA-6716  [bd0e5749-35b1-46ef-9cae-003238f05ea0]
   • TCGA-AA-A029-01A-02-MS2.776b97a9-2b49-4aac-a7a3-5ffef4639dfb.svs  (678 MB)  case=TCGA-AA-A029  [79c63756-757d-4b04-9d34-3934de7a5a8f]
   • TCGA-A6-2678-01A-01-BS1.94039d71-9104-4012-9038-76b19560725f.svs  (145 MB)  case=TCGA-A6-2678  [cae1a4a2-e46d-4561-98b1-3260dd254405]
   • TCGA-G4-6627-01Z-00-DX1.f23c6977-d0cb-4bc8-b373-4b1b73c331cc.svs  (859 MB)  case=TCGA-G4-6627  [ef497638-68a8-40f4-b321-61bd559c010b]
   • TCGA-AA-A01C-01Z-00-DX1.C69C8FC3-04A2-46B8-8577-7A7F082248CB.svs  (444 MB)  case=TCGA-AA-A01C  [83e92efd-308c-424d-a818-6400ff676b16]
   • TCGA-AZ-6599-11A-01-TS1.1661031b-85e0-4050-bfdc-34aa334ec820.svs  (161 MB)  case=TCGA-AZ-6599  [2feeef39-f389-4281-85e2-d89b5261c006]
   • TCGA-AZ-6599-01A-01-BS1.eaca8ac9-2c57-4631-a96f-e58540ae8f01.svs  (270 MB)  case=TCGA-AZ-6599  [ea1e5b74-6a03-48dd-85a3-5af9f137eb6a]
   • TCGA-F4-6809-01Z-00-DX1.5ab8333f-0c77-4685-8701-4130a93e6f3a.svs  (506 MB)  case=TCGA-F4-6809  [940f86d9-850e-4959-b3e7-ea63b1d2588a]
   • TCGA-5M-AAT6-01A-01-TS1.60D71ED8-276C-4C78-B2CC-C2503A37AE58.svs  (205 MB)  case=TCGA-5M-AAT6  [fd340068-af5b-4870-88fa-5983d5cbd698]
   • TCGA-AA-3672-01Z-00-DX1.6cc142eb-e77f-4c09-a6ac-e85470221812.svs  (484 MB)  case=TCGA-AA-3672  [27ac8b0a-9daa-4fe6-8bd7-067f18f4a389]
   • TCGA-CK-4950-01A-01-TS1.c1e83666-3257-4b11-8993-916f7fa09536.svs  (39 MB)  case=TCGA-CK-4950  [5b66d980-80c2-430c-a255-8742eee3b9ab]
   • TCGA-5M-AAT6-01Z-00-DX1.8834C952-14E3-4491-8156-52FC917BB014.svs  (1684 MB)  case=TCGA-5M-AAT6  [e5d2f743-a51f-4ba7-a23d-e87a069a7ee1]
   • TCGA-3L-AA1B-01Z-00-DX2.17CE3683-F4B1-4978-A281-8F620C4D77B4.svs  (705 MB)  case=TCGA-3L-AA1B  [263abaf6-c5a1-4215-8dd5-a8b2a7bfd745]
   • TCGA-DM-A28A-01A-02-TSB.51E27FA5-4B0A-43C6-B15D-C4B500FAD419.svs  (199 MB)  case=TCGA-DM-A28A  [5cbc8262-ce1e-425c-8ba4-b767f99a23b8]
   • TCGA-AA-A01D-01A-02-BS2.81d0cf35-ce1a-44f3-ab54-61c3f234f92c.svs  (234 MB)  case=TCGA-AA-A01D  [1819106f-ec60-49c3-a702-2b3209bf26f7]
   • TCGA-DM-A0XF-01Z-00-DX1.6FD3D3CF-A1E2-4F4E-BF02-F81B1A1061CC.svs  (1143 MB)  case=TCGA-DM-A0XF  [3f582038-6f0c-460b-9ff5-d0a46282e31d]
   • TCGA-DM-A0XF-01A-01-TSA.5e80fdbf-254c-4aa7-abd8-0756e4ad39e0.svs  (287 MB)  case=TCGA-DM-A0XF  [00c08e0e-4798-49e1-80ed-6047dd68366b]
   • TCGA-DM-A0XF-01A-01-BSA.3aa1e645-d7a7-4258-8728-4d9f49539414.svs  (186 MB)  case=TCGA-DM-A0XF  [978ba9fb-064c-4708-a83e-aa648789bb3c]
   • TCGA-AA-A01D-01A-01-BS1.da51aa1f-36de-4a40-83fc-342908d13f18.svs  (220 MB)  case=TCGA-AA-A01D  [4d50ed1c-5271-433b-a7eb-069123bf0a52]
   • TCGA-QG-A5YX-01Z-00-DX1.28125B5A-B696-44AE-8A86-72E2CF7B9A6A.svs  (1213 MB)  case=TCGA-QG-A5YX  [600dc15d-8c77-4eba-a62a-47551d2213d6]
   • TCGA-AA-3526-01Z-00-DX1.82876320-2866-4ffa-81d7-3278f7150fc3.svs  (340 MB)  case=TCGA-AA-3526  [492e492d-6ab5-4fa7-97e1-9b1553d4337b]
   • TCGA-AA-3819-01Z-00-DX1.cd674efa-b953-4721-9468-ec6ad8b6f567.svs  (227 MB)  case=TCGA-AA-3819  [cd7bddd5-0f09-4891-a11a-b18cae6b9b53]
   • TCGA-A6-6648-01Z-00-DX1.88b9a490-0bed-43f3-bd74-1bf2810f6884.svs  (88 MB)  case=TCGA-A6-6648  [363a0302-d11f-423a-adc6-e324dd65312b]
   • TCGA-AA-3552-01A-01-TS1.3dbe54c4-2660-416b-9558-4537215eef34.svs  (101 MB)  case=TCGA-AA-3552  [14e3a846-e5dd-4e6c-bea4-0b06d7ea0113]
   • TCGA-AA-3867-01Z-00-DX1.dbc11b4b-732c-4b0a-aaef-ba94b0218fe6.svs  (186 MB)  case=TCGA-AA-3867  [20a11849-e57a-47ad-854c-757e17cc277b]
   • TCGA-AA-3975-01A-01-BS1.12f18ef4-4e3c-4f62-99db-9672c6ad79ba.svs  (110 MB)  case=TCGA-AA-3975  [371ab573-005a-4a45-b803-818587949c2b]
   • TCGA-D5-6920-01A-01-BS1.362f67d0-6a91-421c-83e8-748c3d38ded5.svs  (151 MB)  case=TCGA-D5-6920  [73148461-ae00-47c2-802b-e8eb821a34bf]
   • TCGA-CA-5256-01A-01-BS1.c197358b-1b71-45c5-9732-6e538cc71835.svs  (230 MB)  case=TCGA-CA-5256  [a72ffe1c-6ed9-4758-a99d-6f827df597a4]
   • TCGA-AA-3975-01Z-00-DX1.e73492da-b6fb-4c56-ab30-53b0b7041e04.svs  (368 MB)  case=TCGA-AA-3975  [7fe47f9f-3250-4e29-ac95-42fb09bc3a53]
   • TCGA-CA-5256-01Z-00-DX1.67cc2ca1-40df-4e76-be88-dfd93e20e017.svs  (310 MB)  case=TCGA-CA-5256  [2c8b6894-a7b0-4a08-94ea-26bedbb0dffc]
   • TCGA-AA-3866-01Z-00-DX1.f93457c3-abaa-4268-84e2-394d7c1aa523.svs  (807 MB)  case=TCGA-AA-3866  [8d11f723-0be2-4f35-b83a-1d674410e9e5]
   • TCGA-AA-A022-01A-01-BS1.7e34b755-24dd-45a3-8945-bb45b80a251b.svs  (180 MB)  case=TCGA-AA-A022  [012017cb-c598-4785-a99d-6da6363e16bc]
   • TCGA-AA-A022-11A-01-TS1.1357f43c-91d8-4f3a-a7f6-1188482f4213.svs  (31 MB)  case=TCGA-AA-A022  [d450d18d-5bd6-4177-b1f7-a5bc7665466e]
   • TCGA-AA-A022-01Z-00-DX1.2673F279-5DF6-4E71-92B2-A589DD8F583B.svs  (715 MB)  case=TCGA-AA-A022  [c10e5c0e-dc3c-4032-86ef-70a1a4f1195f]
   • TCGA-AA-A022-11A-01-BS1.6a5f6ce4-52b6-462f-9fa4-3c485fa957d2.svs  (66 MB)  case=TCGA-AA-A022  [033112af-2b7e-4e08-895e-7e78df941359]
   • TCGA-AA-3970-01A-01-BS1.19a2f754-912d-4597-900f-9374deea4846.svs  (88 MB)  case=TCGA-AA-3970  [6dd1fcad-9c3f-4f14-89da-d98a4742aa65]
   • TCGA-A6-6138-01A-01-BS1.972dda3d-4d4c-4d3f-bb77-f649dceb6ad7.svs  (86 MB)  case=TCGA-A6-6138  [9778ab42-76a9-4a6d-8826-b06a88b5ed5f]
   • TCGA-AA-3844-01A-01-TS1.6a6ad054-276a-49c4-a0f2-cc609b380157.svs  (81 MB)  case=TCGA-AA-3844  [7959817f-1f4b-4567-b7e9-44e56407a3e3]
   • TCGA-A6-6654-01Z-00-DX1.ed491b61-7c44-4275-879b-22f8007b5ff1.svs  (332 MB)  case=TCGA-A6-6654  [09b18cbc-7c10-4b9f-af6b-4dd8c2e8218a]
   • TCGA-CK-4952-01A-01-BS1.61e50d3c-494f-4cf5-89cb-bb455f2da6bd.svs  (33 MB)  case=TCGA-CK-4952  [ef708dd9-be45-4b01-a76d-1e94bdf3bd09]
   • TCGA-AA-3521-01Z-00-DX1.9d6be975-7be1-4f6c-99db-5101369c6624.svs  (508 MB)  case=TCGA-AA-3521  [896cee98-ffaa-4aec-8aa1-f067482fedd5]
   • TCGA-DM-A1D7-01A-01-TSA.da7fa2a0-e690-4593-a4e1-a3bba3c294ed.svs  (171 MB)  case=TCGA-DM-A1D7  [83db6a51-39b6-49d7-a23d-ab6338051305]
   • TCGA-QL-A97D-01Z-00-DX1.6B48E95D-BE3C-4448-A1AF-6988C00B7AF1.svs  (1488 MB)  case=TCGA-QL-A97D  [86901b57-8a9d-45de-bdb4-4ce5501704ee]
   • TCGA-AA-A01S-01A-02-BS2.6f1c5994-06c8-459e-b2aa-d530df765808.svs  (204 MB)  case=TCGA-AA-A01S  [bc3ee273-98da-409f-8eb7-90e6c8a0a16c]
   • TCGA-AA-A01S-11A-02-BS2.669c7f9a-b1c2-4c6e-9cb8-44a76fa45bc5.svs  (87 MB)  case=TCGA-AA-A01S  [0dfa0d23-ef3c-4e45-9a77-c855a3747ad5]
   • TCGA-A6-6137-01A-01-BS1.41a4a669-6afe-466c-8956-4ebb8415907d.svs  (150 MB)  case=TCGA-A6-6137  [303779c7-953b-4a5b-a817-1d3bf4cc580f]
   • TCGA-AD-6899-01A-01-BS1.4ced1c91-05fe-47bc-ae46-74c291450e44.svs  (89 MB)  case=TCGA-AD-6899  [53d661b1-cd19-4afb-ae2d-ff0699f920cc]
   • TCGA-A6-6137-01Z-00-DX1.f50ab63c-05b0-49ea-9ceb-ed10cd6dc027.svs  (307 MB)  case=TCGA-A6-6137  [faee5ad2-300c-481f-ac93-86d074775f04]
   • TCGA-AD-6899-01Z-00-DX1.646f5e1a-212f-4b15-8689-8b55f7ba8c47.svs  (47 MB)  case=TCGA-AD-6899  [2bbf3cea-c7cb-4410-9151-7281132bdae5]
   • TCGA-D5-6537-01A-01-TS1.a0c564bd-1eef-4d69-8290-b19e1b699139.svs  (49 MB)  case=TCGA-D5-6537  [bd122923-8d8a-42a4-b651-d0e9c2ac9b36]
   • TCGA-AA-3994-01Z-00-DX1.ca18c0cb-88b4-4a31-be1f-cca57dfadabc.svs  (203 MB)  case=TCGA-AA-3994  [9b44570d-51dd-4cc4-8ec5-37ede80aca31]
   • TCGA-G4-6626-01A-01-BS1.8e656fd0-6f9f-4725-8f63-499fb9e1fadb.svs  (171 MB)  case=TCGA-G4-6626  [456092be-68ce-4372-8345-2ae1f1e0e12c]
   • TCGA-AA-3854-01A-01-TS1.cad3e626-7ae6-43bc-b227-9cc7eafb5e97.svs  (66 MB)  case=TCGA-AA-3854  [48872a88-1321-4ec3-8fd0-004c9eb5fa4c]
   • TCGA-A6-3810-11A-01-BS1.fbeb7126-094f-4213-a4e8-243c0b7fc398.svs  (189 MB)  case=TCGA-A6-3810  [9998ff7e-2c75-4c7b-af2e-3d64a2dff90a]
   • TCGA-AA-3994-01A-01-TS1.b70c5afe-b56c-4756-87d3-5b065c10b05b.svs  (126 MB)  case=TCGA-AA-3994  [89350718-df8f-4620-b45b-724774385f97]
   • TCGA-A6-3810-01A-01-BS1.bdc129c2-3dd7-42d2-aaf8-5c518609e8ec.svs  (247 MB)  case=TCGA-A6-3810  [401b7591-c98f-4e5b-830c-c916d3dd18ef]
   • TCGA-AA-3555-01A-01-BS1.93643572-29c1-42a4-abbf-99dc4a3015a9.svs  (147 MB)  case=TCGA-AA-3555  [de88ed26-9fcc-4ec3-a236-71ff71c04168]
   • TCGA-CM-4752-01Z-00-DX1.ac26d5ca-f554-4766-a4c3-f90a8c327dd4.svs  (513 MB)  case=TCGA-CM-4752  [9158e34e-8866-4e37-9c29-ecd388d31f91]
   • TCGA-AA-3555-01Z-00-DX1.d471efa5-7638-43e7-a2cd-93c1aed135d0.svs  (300 MB)  case=TCGA-AA-3555  [7bd3167c-fe4b-48ca-b02e-c94e1ebeab20]
   • TCGA-SS-A7HO-01A-02-TS2.6DBB1E40-0FAC-4F04-A568-D00F62DA51CE.svs  (194 MB)  case=TCGA-SS-A7HO  [0193e629-b296-4e43-9f2b-b8984edbc3ab]
   • TCGA-AA-A024-01Z-00-DX1.5F24A31C-2F11-4768-9906-7BAB578C742D.svs  (1071 MB)  case=TCGA-AA-A024  [b2cba6c5-173a-42cc-b0aa-93100222d08b]
   • TCGA-AA-3543-01A-01-TS1.7a42041f-1a49-4df8-bc23-226ca0538076.svs  (101 MB)  case=TCGA-AA-3543  [2b1c705c-dd14-4339-9832-9dee0912824e]
   • TCGA-G4-6298-01Z-00-DX1.83055d52-71f7-46ec-be53-11d86b19b4cf.svs  (1099 MB)  case=TCGA-G4-6298  [1e1d8d98-9965-4c8d-92dd-c88cfc6cce2c]
   • TCGA-G4-6298-11A-01-TS1.5329dea8-06da-4ca7-9eff-bdcb7e082e44.svs  (127 MB)  case=TCGA-G4-6298  [272b3170-f743-4422-a256-ec9efa2af574]
   • TCGA-AA-3516-01A-01-BS1.2f36d15e-4064-41b5-8f60-406557242b61.svs  (64 MB)  case=TCGA-AA-3516  [2aa00bba-f872-4ac8-af5d-55764039d9f2]
   • TCGA-AA-3516-01Z-00-DX1.0a9d9207-6dc2-44b9-89ea-16418430c484.svs  (280 MB)  case=TCGA-AA-3516  [4b490e3e-5fa9-4656-9a37-9aec8c01133b]
   • TCGA-AA-3530-11A-01-TS1.3b73bc40-3151-467f-bb0f-d872dd7911d2.svs  (80 MB)  case=TCGA-AA-3530  [7a6f554f-2146-4ea8-b62c-f81ea692def7]
   • TCGA-AA-3530-01A-01-TS1.c37df755-5988-406b-8cc9-423a3460d2d6.svs  (98 MB)  case=TCGA-AA-3530  [ac607e67-1922-4ebd-bd2b-1b212065acba]
   • TCGA-AA-3525-01A-01-BS1.b838a9b9-63b7-4e13-af31-08fab8776d50.svs  (170 MB)  case=TCGA-AA-3525  [3629f4ec-f0ad-4ad8-800e-75a7634f1504]
   • TCGA-G4-6294-01A-01-TS1.6c572968-26ba-4cec-ad50-5128edc91b05.svs  (96 MB)  case=TCGA-G4-6294  [b21d733c-ab58-46ad-988e-3a9b642c9852]
   • TCGA-AA-3525-11A-01-TS1.2c2b314d-eeb2-42dd-92b7-952269a5ddad.svs  (95 MB)  case=TCGA-AA-3525  [44e11aaa-0684-4fe1-b059-3e5530d6a419]
   • TCGA-G4-6588-01Z-00-DX1.0747172e-f630-4b7c-9341-55078585ae00.svs  (772 MB)  case=TCGA-G4-6588  [0eced714-3cec-43d5-a956-72f7ab15cb94]
   • TCGA-AA-3506-11A-01-TS1.a227e7f8-f456-4150-a170-dce77de1a1ae.svs  (67 MB)  case=TCGA-AA-3506  [c5eff382-8503-41f5-9a0d-cf32de9a16fe]
   • TCGA-AA-A00L-01A-03-TS3.d40b514a-7c67-4461-abbf-6e603e74eda2.svs  (416 MB)  case=TCGA-AA-A00L  [40b929ae-ad97-44a2-a43d-378996a1b20d]
   • TCGA-AA-A00L-01A-01-BS1.b73e7d6e-bf4f-423f-9d55-192c8085f501.svs  (124 MB)  case=TCGA-AA-A00L  [791503dd-71c0-49c9-bec0-f6e26b2180ef]
   • TCGA-AA-3562-01Z-00-DX1.e07893e6-646d-41b5-be51-9c19d51f6743.svs  (484 MB)  case=TCGA-AA-3562  [e0057043-fae2-4b6b-8298-1d06e48100e3]
   • TCGA-G4-6321-01A-01-TS1.3cdf2c9b-ca9b-403a-adad-b2cd06e8dd14.svs  (56 MB)  case=TCGA-G4-6321  [929e2956-b679-44c9-92bc-33f5c4668b5f]
   • TCGA-G4-6321-01A-01-BS1.d48019c2-a396-4297-a054-82dbc4869d79.svs  (53 MB)  case=TCGA-G4-6321  [d02ca0fa-6eee-4cd7-9e44-56289a2235e7]
   • TCGA-AA-3979-01Z-00-DX1.e63b4db2-dc9b-4afb-a288-89a905beacd0.svs  (281 MB)  case=TCGA-AA-3979  [28fa386a-97e2-4144-8ab0-29ebe01a7774]
   • TCGA-AA-3979-01A-01-TS1.93a2c329-a9fe-44de-9115-82b433434b54.svs  (46 MB)  case=TCGA-AA-3979  [77d0705d-b82d-4e8c-bdb6-6bf39f1dec35]
   • TCGA-AA-3976-01Z-00-DX1.d2519da8-bc55-4dde-9839-9fa51ecff1b3.svs  (164 MB)  case=TCGA-AA-3976  [d82635df-31d1-4110-8acb-aadd88e9ba74]
   • TCGA-AZ-4681-01A-01-BS1.479f4bfa-83d7-4041-8345-1b39424b8c36.svs  (107 MB)  case=TCGA-AZ-4681  [1a3c736a-05c7-44fc-a9c1-1ab8659033c2]
   • TCGA-AD-6964-01A-01-TS1.47b53680-a204-4be0-b871-d46886623f4c.svs  (46 MB)  case=TCGA-AD-6964  [be9fbacd-ec1b-400e-b927-0bce660e0d9c]
   • TCGA-A6-4105-01A-01-BS1.740123cb-8b99-4d27-b873-25234c30d0b5.svs  (276 MB)  case=TCGA-A6-4105  [bf8ee94c-1c87-4566-80b3-dd812a5ff970]
   • TCGA-A6-4105-01Z-00-DX1.228b02a5-04fa-4392-bf03-b297c19665c3.svs  (401 MB)  case=TCGA-A6-4105  [10efa9de-0389-4ecf-8297-cce33b2dc6c9]
   • TCGA-AA-3870-01Z-00-DX1.76e57cf5-6c8c-4b75-a8db-29d4522b66cb.svs  (203 MB)  case=TCGA-AA-3870  [92b15918-9499-4664-a91e-c774ecfb2a22]
   • TCGA-G4-6628-01Z-00-DX1.d67973d1-9544-47e1-9ecb-e9d8d7f310e6.svs  (873 MB)  case=TCGA-G4-6628  [507cdbcd-48ec-4fad-ab69-bf0ca8635f62]
   • TCGA-G4-6628-01A-01-TS1.fb0afef0-d480-4788-9c7f-c4df7f052939.svs  (89 MB)  case=TCGA-G4-6628  [a8c644a9-2ca4-463d-b2c7-84fd18fdb766]
   • TCGA-AY-4071-01A-01-TS1.b28faf0b-4394-4bc1-934f-fbcb8ef65c1c.svs  (68 MB)  case=TCGA-AY-4071  [b698ef55-b6ba-4665-bfe3-ef2b4d080f0e]
   • TCGA-AA-3713-01Z-00-DX1.8148ACEB-7C1E-4D29-B908-F3729657EA4F.svs  (8 MB)  case=TCGA-AA-3713  [a72573a6-2462-4185-b4e8-a081c95d8fd7]
   • TCGA-AY-4071-01Z-00-DX1.6C426E14-2DBD-4009-A6B5-B8B7B8F5888C.svs  (108 MB)  case=TCGA-AY-4071  [c0cfb588-39ba-48f1-a653-b3974026e011]
   • TCGA-AY-4071-01A-01-BS1.ded78ca0-3bb9-4844-bc74-f5425e34bf30.svs  (46 MB)  case=TCGA-AY-4071  [959e8791-a2c0-4f9a-9ec3-ab8133c1fc1d]
   • TCGA-AA-3511-01Z-00-DX1.F66F89C7-147D-4EE9-A482-61C3033EF443.svs  (10 MB)  case=TCGA-AA-3511  [cdcd8072-7739-496e-ac05-6df73e3cd940]
   • TCGA-AA-3511-11A-01-TS1.d4579cf2-9291-4a98-ac6a-21507b5cc161.svs  (32 MB)  case=TCGA-AA-3511  [154f89ad-f9ae-4b19-aede-6ea23008f020]
   • TCGA-AA-3511-01A-02-BS2.62007e3d-31d3-4050-b9b5-89409559acc0.svs  (46 MB)  case=TCGA-AA-3511  [e29fb505-ffbd-44b8-963c-5815b4a68047]
   • TCGA-AA-3522-01Z-00-DX1.bd54ca55-9036-4167-b8b9-14f4209b7e4d.svs  (191 MB)  case=TCGA-AA-3522  [3058f5a6-b21a-4424-bd13-58fed2f4f959]
   • TCGA-AA-3842-01A-01-TS1.80bcdadf-9f88-47c2-978f-445f8619982b.svs  (63 MB)  case=TCGA-AA-3842  [bd57d0cd-6237-4c82-a36f-db94728108ae]
   • TCGA-AA-3862-01Z-00-DX1.67a0bc0d-1fe0-4c90-bb2d-5b12224cc846.svs  (249 MB)  case=TCGA-AA-3862  [ac5cf94c-5829-4da1-80be-8d24eb798058]
   • TCGA-AA-A02K-01Z-00-DX1.732DD8F9-A21A-4E97-A779-3400A6C3D19D.svs  (989 MB)  case=TCGA-AA-A02K  [39c5d9fb-92de-4cec-b690-92e27924f759]
   • TCGA-AZ-4313-01A-01-BS1.e57be03d-b22d-4c7b-add3-b40ca9b795b4.svs  (79 MB)  case=TCGA-AZ-4313  [3f60dae1-d27c-4b4e-a6d9-c8516ebe73c4]
   • TCGA-CM-5341-01A-01-TS1.0240d0bc-f587-4d47-b3be-00e6d1df2418.svs  (314 MB)  case=TCGA-CM-5341  [e863c0fa-4dbb-4181-afc3-fac806ec1007]
   • TCGA-CM-6676-01Z-00-DX1.dcc2bf23-ecaa-4952-8485-fc609af66298.svs  (534 MB)  case=TCGA-CM-6676  [a56ed047-d15e-4281-82b5-b1ab6e75b3f3]
   • TCGA-G4-6627-01A-01-BS1.a606d851-3a03-422f-a96c-84f9d1741278.svs  (109 MB)  case=TCGA-G4-6627  [3818e861-fc0c-4b00-ac2f-dccbd1e65b00]
   • TCGA-A6-2678-11A-01-TS1.5a5a17ec-30d4-404a-a0a7-d8a9eeadc127.svs  (66 MB)  case=TCGA-A6-2678  [a4469cdf-0941-4b97-857d-72806a5ba249]
   • TCGA-AA-A01C-01A-01-TS1.e8b9f1f2-b9cd-4675-90bb-2a5c4c167832.svs  (90 MB)  case=TCGA-AA-A01C  [01f8035a-0d30-46d0-8d1e-a378c7e13060]
   • TCGA-G4-6627-01A-01-TS1.245b22ce-3963-4b47-bb09-22425dc405c6.svs  (89 MB)  case=TCGA-G4-6627  [b635deeb-60ae-4b3a-ad40-052a1ed645c6]
   • TCGA-AA-A01C-01A-01-MS1.e39692c8-adb3-4e4a-9e10-070b3d89cffe.svs  (206 MB)  case=TCGA-AA-A01C  [07409f77-2380-41c7-a17a-823ef6a1f141]
   • TCGA-CM-5344-01Z-00-DX1.586a3060-8c97-4619-b5b0-ad2d0d2b62cb.svs  (957 MB)  case=TCGA-CM-5344  [a1c865f1-70bd-417a-ad95-b7cb28601bb3]
   • TCGA-DM-A28A-01Z-00-DX1.05b565c5-efa0-41be-a7e3-46f9166ddb7b.svs  (1447 MB)  case=TCGA-DM-A28A  [86baacba-f6e0-45fa-a355-7213b35cab64]
   • TCGA-AA-A01D-01Z-00-DX1.A6FE424C-9BF8-4605-8A78-7BD7B83BEC61.svs  (793 MB)  case=TCGA-AA-A01D  [ef52da91-023b-45be-ac86-22f4e051ff2c]
   • TCGA-AA-3672-01A-01-BS1.a0ceb6c5-20ba-4a0b-a957-2079ee83adb9.svs  (144 MB)  case=TCGA-AA-3672  [c870e832-73a7-4b5a-b1bd-c7aabb10dbf5]
   • TCGA-A6-6653-01A-01-TS1.6b4a6b45-ba17-4c2d-bf8c-c0c72bb49d44.svs  (113 MB)  case=TCGA-A6-6653  [ea019759-a31d-4898-bc7a-c623e72a4ad6]
   • TCGA-AA-3526-01A-02-BS2.b9a156c8-222d-4444-895a-4d5716a8ea0e.svs  (57 MB)  case=TCGA-AA-3526  [699b684f-5e37-4830-8a52-9a45453c5b47]
   • TCGA-A6-6653-01A-01-BS1.1fb93714-513d-44d2-925f-5073f1007017.svs  (95 MB)  case=TCGA-A6-6653  [6e0813a9-1feb-4448-a0b6-5d8c962f8e28]
   • TCGA-AA-3819-01A-01-BS1.5627f910-cb50-4bbd-8010-45585b14aac6.svs  (77 MB)  case=TCGA-AA-3819  [13af71b9-5445-4974-a551-e89fd706a952]
   • TCGA-QG-A5Z1-01A-01-TS1.3AD35E0F-972E-4629-BF87-22738233B0B7.svs  (361 MB)  case=TCGA-QG-A5Z1  [fab7ca32-6b16-42b0-98ff-9e8f6940d37e]
   • TCGA-QG-A5Z1-01Z-00-DX2.2CE72B6A-557F-43BD-BA4C-B252E14E46EF.svs  (1443 MB)  case=TCGA-QG-A5Z1  [3f7b713c-e8b9-480d-a006-69ff3df858ff]
   • TCGA-A6-6648-01A-01-BS1.0ec656d2-a1be-444f-af9b-183b136ed3a9.svs  (114 MB)  case=TCGA-A6-6648  [d97f151f-0fe1-46f6-9014-dfc5f4da0de3]
   • TCGA-AA-3544-01Z-00-DX1.96850cbf-2305-4b65-8f06-db801af51cc3.svs  (345 MB)  case=TCGA-AA-3544  [ec1f4d29-4b67-420f-9bba-9138b5d64d4e]
   • TCGA-AA-3867-01A-01-TS1.402df8f4-7477-4c52-979e-f6c927bc1702.svs  (68 MB)  case=TCGA-AA-3867  [6971a8bc-9758-4cdb-b780-78a8193b6fab]
   • TCGA-CM-5860-01A-01-TS1.39cc1fc6-3aed-4b59-9a61-24e120a175d8.svs  (139 MB)  case=TCGA-CM-5860  [d728ffbc-0659-4d44-a8c4-1c8f016fb78e]
   • TCGA-AD-6895-01Z-00-DX1.7FB1FBC6-683B-4285-89D1-A7A20F07A9D4.svs  (39 MB)  case=TCGA-AD-6895  [f77be3ea-4595-49a6-b41c-de074b132bf8]
   • TCGA-AA-3558-01Z-00-DX1.c4af1f52-2e81-4d66-9561-ce446dcace03.svs  (439 MB)  case=TCGA-AA-3558  [8a78f6fa-6940-4692-8992-104378fc3ee8]
   • TCGA-AA-3866-01A-01-BS1.10fff765-8740-4cb2-addc-da4dad70704f.svs  (66 MB)  case=TCGA-AA-3866  [c5ef7b7b-530b-4866-90a0-10660cf41865]
   • TCGA-AA-3558-01A-01-TS1.8123deae-f271-4946-bb4e-2de79da5a26f.svs  (41 MB)  case=TCGA-AA-3558  [0b1b0b05-1821-44cb-b5c3-2ea234ccab5a]
   • TCGA-AZ-4684-01Z-00-DX1.1c29deb2-b0e2-4788-a3e8-83ecab7f9208.svs  (791 MB)  case=TCGA-AZ-4684  [95f9ca4b-edc6-43cd-8d05-ff92a4ddca49]
   • TCGA-A6-6782-01A-01-TS1.fc79090d-0985-4521-a20c-4e40d7b9b288.svs  (115 MB)  case=TCGA-A6-6782  [f2f69edf-214e-4605-8b50-c8972f9ef881]
   • TCGA-A6-6782-01A-01-BS1.b300e02d-4f90-43be-8570-e3efc044553f.svs  (74 MB)  case=TCGA-A6-6782  [989de253-0dea-4206-8621-550241c66b9d]
   • TCGA-D5-6534-01A-01-BS1.dad0cdbc-a989-4971-bebe-1b9ba711a1d8.svs  (77 MB)  case=TCGA-D5-6534  [8718de54-b882-456e-b7fd-53f2d013cd93]
   • TCGA-AA-3833-01Z-00-DX1.d27bd30c-bba2-4621-8157-feb28ba2e241.svs  (388 MB)  case=TCGA-AA-3833  [f8ec6630-7642-4e41-9975-7f171710fde2]
   • TCGA-AA-3833-01A-01-BS1.861bbbeb-2a11-454f-b7df-48f6c39dfcb5.svs  (72 MB)  case=TCGA-AA-3833  [38963efd-ede8-41fd-83d6-ffd93ad49727]
   • TCGA-AA-A022-01A-02-BS2.62ba75f1-0dab-4bc8-a31a-2527d2b11429.svs  (295 MB)  case=TCGA-AA-A022  [0d89ed44-07b7-460e-9442-ac68743bd443]
   • TCGA-A6-6138-01A-01-TS1.e514a0d2-00d8-4d84-a2ab-367a0b863731.svs  (71 MB)  case=TCGA-A6-6138  [3d4da9b7-4bda-406f-bef3-5d9f48ee0832]
   • TCGA-AA-3970-01Z-00-DX1.712c069a-aeaf-498b-80fa-7bb481b13825.svs  (228 MB)  case=TCGA-AA-3970  [776eb2f6-2fbc-49e0-93a2-162528750d28]
   • TCGA-A6-6654-01A-01-BS1.5f3c2378-0a82-4f3a-a8ee-d815dc36ac1a.svs  (191 MB)  case=TCGA-A6-6654  [77d0fd9c-1ba6-4c97-b065-36802d895426]
   • TCGA-CK-4952-01A-01-TS1.95910223-0481-4956-8d08-6078dbabad1e.svs  (88 MB)  case=TCGA-CK-4952  [7569ba25-fede-4e59-85c0-0fb7746d60fd]
   • TCGA-AA-3693-01Z-00-DX1.0e18d1db-cdff-433b-a150-6c759c4dc3bb.svs  (344 MB)  case=TCGA-AA-3693  [9a36ae11-6455-424c-8a31-c63ac5c0f233]
   • TCGA-AA-3850-01Z-00-DX1.49b55930-74fd-4103-9151-7b906a18be02.svs  (247 MB)  case=TCGA-AA-3850  [98d93e91-2ad8-4346-a2c1-801703222daa]
   • TCGA-AA-A01X-01A-01-BS1.9e448d0b-d9de-4d08-a628-e0294a372d61.svs  (216 MB)  case=TCGA-AA-A01X  [3c12350c-9aba-4ee6-994a-9945914f7395]
   • TCGA-AA-A01X-11A-01-TS1.63d182b1-6780-4e7e-9fb9-101f4a834cc3.svs  (47 MB)  case=TCGA-AA-A01X  [36db8c6e-6ccf-489a-aef4-ffe64995f8d3]
   • TCGA-AA-A01X-11A-01-BS1.1b81f3d3-1bb6-4aaf-8299-3ba70b0b415e.svs  (44 MB)  case=TCGA-AA-A01X  [9267121d-21f3-40d7-9da4-3681445e8409]
   • TCGA-A6-2681-11A-01-TS1.a05117d8-36a5-4b62-a80d-609c9b420ed9.svs  (61 MB)  case=TCGA-A6-2681  [5956ad30-668b-4fce-986d-edb072a4aa6b]
   • TCGA-AA-3984-01A-02-BS2.ea1f171d-2025-4efd-a9e6-27fff8e66427.svs  (28 MB)  case=TCGA-AA-3984  [0a98d41d-d467-4581-9b36-49570149888e]
   • TCGA-A6-2681-01Z-00-DX1.5e11f090-a19d-4d5c-bcf6-c219b55d02bc.svs  (156 MB)  case=TCGA-A6-2681  [f7d4a000-4473-4d7b-9980-c495428eaa50]
   • TCGA-CM-5349-01A-01-BS1.0b88e5ff-cc9d-4708-ac11-9730814fc2ae.svs  (399 MB)  case=TCGA-CM-5349  [84edfa97-7fab-43e2-a16a-6f18db3e1fd9]
   • TCGA-CM-5349-01A-02-BS2.d6f6f4d6-fa30-4f3a-802f-62e5dc17dd28.svs  (204 MB)  case=TCGA-CM-5349  [63e3bc91-c0d5-49f5-9d60-ca8bfb9ca288]
   • TCGA-AA-3532-01A-01-TS1.e546849e-9e7a-46a0-8f17-da314b67ddd4.svs  (112 MB)  case=TCGA-AA-3532  [e783a4e7-7cda-48cb-9c82-a71d1c66f1c3]
   • TCGA-AA-3821-01A-01-TS1.3d67ff19-8a1d-4cad-bfcc-3d3c31288387.svs  (116 MB)  case=TCGA-AA-3821  [1fc53d2c-1945-4964-8b4c-4358572c522e]
   • TCGA-AA-3821-01Z-00-DX1.019b3b1d-5c05-4be6-af25-6ee63475897e.svs  (313 MB)  case=TCGA-AA-3821  [b2cdcbeb-a7ab-4950-a41b-4747902feb56]
   • TCGA-AA-3532-11A-01-TS1.6fa6babf-9410-4ee3-952e-6747f5beb2da.svs  (38 MB)  case=TCGA-AA-3532  [7402476f-a1f6-438a-89e2-dc263a8e3839]
   • TCGA-AA-A00U-01Z-00-DX1.E83A6B38-D472-482F-89D7-FF61FB589371.svs  (521 MB)  case=TCGA-AA-A00U  [a60ef267-5d58-42e2-8d9f-db3d2605f912]
   • TCGA-AA-A00U-01A-02-BS2.a429971c-5176-484f-aa1b-d520ba919ebb.svs  (118 MB)  case=TCGA-AA-A00U  [7238988c-4b35-4916-af30-d5310d11542d]
   • TCGA-DM-A28H-01A-01-TS1.B7D500DE-3DD9-4A4D-B282-98595FCAEDC5.svs  (166 MB)  case=TCGA-DM-A28H  [3d15103d-5bad-4727-a166-fe37a4ae2ca5]
   • TCGA-CM-6164-01Z-00-DX1.ccf5ce96-b732-4c35-b177-d3dbe2ed89cb.svs  (579 MB)  case=TCGA-CM-6164  [e72187ad-1c39-4191-9379-e6d8392a6af9]
   • TCGA-CM-6164-01A-01-TS1.60a901bc-cc58-4ea8-9817-7d6237c8f71e.svs  (494 MB)  case=TCGA-CM-6164  [7239a9ea-42e9-4eb0-8360-a9d3e14e0b34]
   • TCGA-AA-3549-01Z-00-DX1.2fe99d54-c61b-4867-bafe-efe4f291c429.svs  (301 MB)  case=TCGA-AA-3549  [cf213c6d-3805-45cc-a27e-69904a088a29]
   • TCGA-AA-3549-01A-02-BS2.b892a160-5828-4fcf-80d4-7671f995b463.svs  (69 MB)  case=TCGA-AA-3549  [da2c1dca-6734-4242-aa79-7d6a69273fe9]
   • TCGA-AA-A00Q-01A-01-TS1.92af8feb-140d-4f85-b861-fb9552462f14.svs  (60 MB)  case=TCGA-AA-A00Q  [cf31c7ba-d4b6-4900-90c2-b0f0bfc3c077]
   • TCGA-AA-A00Q-01A-01-BS1.ce2cf9f2-ac0c-4668-b8a2-aa6bab27f046.svs  (60 MB)  case=TCGA-AA-A00Q  [a9b964b1-4c6c-4a6c-99b8-ed447f9d3318]
   • TCGA-AA-A00Q-01Z-00-DX1.D427F78B-6640-400B-B8F8-B5568B1C4321.svs  (611 MB)  case=TCGA-AA-A00Q  [625ae478-a0a5-492b-8e8e-a0763008f960]
   • TCGA-G4-6311-11A-01-TS1.a5b454c6-5abf-44ff-82e3-af348223a7a2.svs  (38 MB)  case=TCGA-G4-6311  [67f386af-f1aa-42b1-b3c1-46a6e8e1fadc]
   • TCGA-AA-A03J-11A-01-TS1.28ff155e-abda-40ca-9cd7-9df810fdba03.svs  (83 MB)  case=TCGA-AA-A03J  [4ea317f3-84ad-402c-9058-6907104f7034]
   • TCGA-CM-6674-01Z-00-DX1.4a08b16a-788e-43dc-85d2-baff6e911de2.svs  (1054 MB)  case=TCGA-CM-6674  [645ac325-9832-46ab-9832-9652bf6add98]
   • TCGA-CM-6674-01A-01-TS1.e15ad432-21fc-42a2-9287-310a41de2969.svs  (228 MB)  case=TCGA-CM-6674  [7626c5c4-3af5-4664-b56e-590019431f09]
   • TCGA-AA-A03J-01A-01-BS1.2483a10b-f6c4-440f-9a33-2ac39ef0e09d.svs  (256 MB)  case=TCGA-AA-A03J  [061cc963-a1fc-4cea-94bc-1b7c1f4ffd0a]
   • TCGA-AA-3872-01A-01-BS1.e29045b5-113d-4dba-b03b-ba2e0d82a388.svs  (54 MB)  case=TCGA-AA-3872  [ce5de123-d5f2-4a0a-8d8d-c3256682a82e]
   • TCGA-AA-A03J-01Z-00-DX1.4E57E86E-ADEE-4837-9F91-E9CA141F7ACC.svs  (1752 MB)  case=TCGA-AA-A03J  [219576f3-3c71-44f8-a23d-addde6ef33dc]
   • TCGA-AA-3872-01A-01-TS1.4f7d5598-e36a-4e30-9b7b-ab55cc6fc3a0.svs  (54 MB)  case=TCGA-AA-3872  [47efe75a-190e-4065-88ee-d8784fb2ce36]
   • TCGA-AA-3655-01A-01-BS1.49dfbd65-cf66-40fe-b2b4-3b663a52d93c.svs  (94 MB)  case=TCGA-AA-3655  [e77d83d2-0e7b-44d4-8b81-3ed483c4fb5b]
   • TCGA-CM-5862-01Z-00-DX1.df57752c-5937-40f2-a48f-37a147a82139.svs  (619 MB)  case=TCGA-CM-5862  [2678c27a-d474-4960-bb99-b4135a8e0353]
   • TCGA-AA-3655-01A-02-BS2.4ad7c4bb-912a-4549-9c6b-6072bb48e5d4.svs  (41 MB)  case=TCGA-AA-3655  [e39b2ddf-dbd1-458f-84ca-e8daeb1dda91]
   • TCGA-G4-6317-01Z-00-DX1.6521a551-1516-4431-b3d7-af0a46978bcf.svs  (649 MB)  case=TCGA-G4-6317  [dabf61c8-5fa8-4656-bc64-42452d2f30a9]
   • TCGA-CM-5862-01A-01-TS1.58324467-7173-4bfe-a98c-919adc0c6593.svs  (157 MB)  case=TCGA-CM-5862  [cf9bf1fc-dad0-4e9a-8f8a-b2e128006f8d]
   • TCGA-A6-5665-11A-01-TS1.c0403633-10ec-4131-9c03-fd67c30ac5a7.svs  (85 MB)  case=TCGA-A6-5665  [a0a714de-b055-48e5-bca7-99611103e4de]
   • TCGA-G4-6317-02A-01-BS1.870c2e2e-7f4f-4d06-bac3-5e48c4d9d09d.svs  (72 MB)  case=TCGA-G4-6317  [fe7f2b35-e3f7-49d2-8b63-5a327e81923e]
   • TCGA-A6-3807-01A-01-BS1.459a75fd-1975-4700-84ad-f7bb806c1fb3.svs  (110 MB)  case=TCGA-A6-3807  [167c5c0c-8893-4059-a3e9-872faa95b6f4]
   • TCGA-A6-3807-11A-01-TS1.e73c0645-13ac-43fd-b8be-05036fa31fea.svs  (227 MB)  case=TCGA-A6-3807  [ec6b94ca-bde0-4e7f-b7a3-80b05b5f9dce]
   • TCGA-A6-3807-11A-01-BS1.31c26bf0-d481-4fed-8c69-306a30da2d91.svs  (167 MB)  case=TCGA-A6-3807  [30c2f63b-450b-48c1-8c81-7ce89fbb99fd]
   • TCGA-AA-3812-01A-01-TS1.a7fe5a2f-9268-497e-84a8-7fe357f565ff.svs  (159 MB)  case=TCGA-AA-3812  [a3969b83-df28-48cf-9153-e455e43b4419]
   • TCGA-AA-3812-01A-01-BS1.939e5f0f-00eb-4b14-bca6-ee182af13e77.svs  (119 MB)  case=TCGA-AA-3812  [a7275cfe-0717-4145-bba5-4fe56479b8d1]
   • TCGA-A6-5665-01A-01-BS1.c4a8294c-9a06-4981-9d2c-2539557e6c8e.svs  (60 MB)  case=TCGA-A6-5665  [f50e4c98-6b6e-4095-b191-c428e6544d5b]
   • TCGA-AA-3966-01A-01-TS1.129a34e4-6770-4f97-b47a-8a5e27c04007.svs  (70 MB)  case=TCGA-AA-3966  [e7bc1f07-535d-43bf-bd77-75132173ed60]
   • TCGA-AZ-4614-01A-01-TS1.9420a8c4-af27-4449-930d-5522f08806e8.svs  (134 MB)  case=TCGA-AZ-4614  [fc239d08-d708-420f-9266-17bd07ab9a3b]
   • TCGA-D5-6537-01A-01-BS1.72989d79-fe95-4d25-8b1a-539a1a137508.svs  (123 MB)  case=TCGA-D5-6537  [4df93b89-bce1-4ad6-adcb-b766ccf25bd8]
   • TCGA-G4-6626-01Z-00-DX1.20e7691e-9ef5-4278-a7d4-3967e36f24d5.svs  (520 MB)  case=TCGA-G4-6626  [6e24d6c9-c684-4bb6-8297-f49a6afd73d7]
   • TCGA-A6-3810-01B-04-BS4.29E23893-F592-4369-9B09-CEA06A4CF67E.svs  (201 MB)  case=TCGA-A6-3810  [f7e6875e-7662-4acb-a18e-678feeca90d4]
   • TCGA-CM-5868-01A-01-BS1.7c93acf9-891f-4333-b6d2-12243878fa84.svs  (205 MB)  case=TCGA-CM-5868  [d4ac3319-c075-4f7c-9649-d215c87d5274]
   • TCGA-A6-3810-01Z-00-DX1.2940ca70-013a-4bc3-ad6a-cf4d9ffa77ce.svs  (56 MB)  case=TCGA-A6-3810  [70012428-8df8-4eb2-8d28-7d0b2a88d1d7]
   • TCGA-D5-6926-01A-01-BS1.f5de9ed0-abe7-46c4-8121-d0a13f443434.svs  (61 MB)  case=TCGA-D5-6926  [135b18d4-1d28-4968-bf33-e08b212b4524]
   • TCGA-CM-5868-01A-01-TS1.ef03933f-3d75-413d-ba1f-ccfb23dc6ac1.svs  (95 MB)  case=TCGA-CM-5868  [7ac7fa7c-0edc-420a-a11d-9906ad64ac24]
   • TCGA-D5-6926-01Z-00-DX1.3830423a-3587-432b-9a6c-84f838e49fe6.svs  (228 MB)  case=TCGA-D5-6926  [11489c71-5516-4ca3-8256-4c91ac223e20]
   • TCGA-AA-3949-01A-01-TS1.a37713f6-3e22-46db-a59f-0c6335c7588b.svs  (53 MB)  case=TCGA-AA-3949  [8913ae86-7ed4-4271-b0b6-df936abf0d28]
   • TCGA-SS-A7HO-01Z-00-DX1.D20B9109-F984-40DE-A4F1-2DFC61002862.svs  (2226 MB)  case=TCGA-SS-A7HO  [3db6186a-d812-4d9d-a7e8-a7f0c0aa140a]
   • TCGA-CK-4947-01B-01-BS1.baf22cfe-32de-48e4-8e04-46c3a5511241.svs  (84 MB)  case=TCGA-CK-4947  [bc13fd09-29f5-463c-9148-e0fbacbfbc00]
   • TCGA-AA-A01R-01A-02-BS2.3a3e09cf-5585-431e-ae27-1d5918f8ffdd.svs  (297 MB)  case=TCGA-AA-A01R  [a94b1d5d-192c-4487-8a44-a4521228c58e]
   • TCGA-AA-3542-01A-01-BS1.036706b0-ec86-4463-96c1-465ffd782cd4.svs  (114 MB)  case=TCGA-AA-3542  [063bd28a-1c95-4a04-a932-5a576c9ca1aa]
   • TCGA-AA-3715-01A-01-TS1.7d72472b-57ac-440f-92af-214864f84e1e.svs  (121 MB)  case=TCGA-AA-3715  [cdd9222b-d22b-469e-9237-6f6ac8a26eef]
   • TCGA-AA-3692-01A-01-BS1.6a72c521-b126-4b36-a75a-53b44c3393f3.svs  (85 MB)  case=TCGA-AA-3692  [3ea6697a-e1f0-4729-a1a0-3e5b41c2437c]
   • TCGA-AA-3860-01A-01-BS1.360e30d9-c835-41e0-9322-65e3ef87d721.svs  (83 MB)  case=TCGA-AA-3860  [25946265-6371-4009-ad90-11aeb4315889]
   • TCGA-AA-3860-01Z-00-DX1.a63df9ca-6141-4bdc-8545-719fd9ae0aa5.svs  (254 MB)  case=TCGA-AA-3860  [7447c422-1367-410c-8b26-b692d91b8844]
   • TCGA-AA-3814-01A-01-BS1.10a3eaf7-1dd1-466d-b306-acab6b4a6963.svs  (119 MB)  case=TCGA-AA-3814  [5ceacc1d-ae07-421e-806c-4834543cfdb7]
   • TCGA-AA-3531-01A-01-BS1.5072aa93-b14b-4fb4-891e-a1cc0b2910db.svs  (256 MB)  case=TCGA-AA-3531  [e212ed52-70b9-4d31-8799-dd7ef351d51e]
   • TCGA-AA-3531-01A-01-TS1.2748e675-d0f4-44b9-8073-82fd83785c6f.svs  (265 MB)  case=TCGA-AA-3531  [90adc7e6-4898-4b5b-bc0f-55ddda867629]
   • TCGA-AA-A024-01A-02-BS2.2c1c3ab4-d657-4764-9635-5e250b0566ff.svs  (217 MB)  case=TCGA-AA-A024  [747c1ce5-3243-448c-b1ab-227767636a0c]
   • TCGA-AA-3543-01Z-00-DX1.20129c52-157d-4d66-809f-d21694683c8d.svs  (217 MB)  case=TCGA-AA-3543  [8d436468-3965-434a-b014-7279824352dd]
   • TCGA-G4-6298-01A-01-BS1.5ae38483-8025-48ff-8dc3-22893670deae.svs  (72 MB)  case=TCGA-G4-6298  [a4161fc1-5243-4323-962c-41f492ef95c7]
   • TCGA-AA-3516-01A-02-BS2.ed95686a-03b4-4151-a42f-ef0ee44e5840.svs  (38 MB)  case=TCGA-AA-3516  [e1d4526f-a6c3-4727-8760-ff3a0f73574a]
   • TCGA-G4-6298-01A-01-TS1.efbb1741-99fd-4c0d-898a-07d4655f20bd.svs  (311 MB)  case=TCGA-G4-6298  [8e4df0c7-2dff-4c73-816e-96856ca163b5]
   • TCGA-AA-3530-01A-01-BS1.7d1c4f63-aede-410d-b027-e98c289aa8a2.svs  (125 MB)  case=TCGA-AA-3530  [33740a11-a90b-4ef6-8bac-547093076ff3]
   • TCGA-AA-3524-01A-02-BS2.5ec2a6e7-96ad-4e7e-ab9f-92e9f30df438.svs  (37 MB)  case=TCGA-AA-3524  [c38096a2-7702-4ec8-8982-c4d574a5f984]
   • TCGA-AA-3506-01Z-00-DX1.08CFD143-1A4C-4262-831E-79D9C4BBF453.svs  (10 MB)  case=TCGA-AA-3506  [76c04cfc-4bf8-486e-ad34-c60da2d3d64b]
   • TCGA-AA-3506-01A-01-TS1.7cef64d8-f449-455a-b008-4420c2520840.svs  (141 MB)  case=TCGA-AA-3506  [7547a687-6818-48f9-bfe7-840945c80de3]
   • TCGA-A6-2677-11A-01-TS1.68cd2ccf-8816-400c-80fb-62ec6a03a0e3.svs  (36 MB)  case=TCGA-A6-2677  [2b37e110-e0ce-467e-9158-b10b545edee2]
   • TCGA-AA-A00L-01Z-00-DX1.4F57C465-BC1C-4774-B003-F7F29C6A69D0.svs  (426 MB)  case=TCGA-AA-A00L  [4942dd61-3a5c-4a6a-8808-22161577a630]
   • TCGA-DM-A285-01Z-00-DX1.219e2829-8ffd-4b51-adce-cfd48293191b.svs  (1444 MB)  case=TCGA-DM-A285  [0e5316aa-c726-46e3-881b-c2bf918c1231]
   • TCGA-AA-3562-01A-01-BS1.2bc37a71-647d-4e7e-9e3a-12191942a051.svs  (226 MB)  case=TCGA-AA-3562  [24e85993-3c0f-474d-86ad-262aa642de6e]
   • TCGA-A6-2677-01A-01-BS1.ed01d5ef-efc7-4f59-a8d0-62d2ac3b36ff.svs  (93 MB)  case=TCGA-A6-2677  [50d7bb72-fcb6-4866-be3e-a26492c9f5e4]
   • TCGA-A6-2677-01B-02-BS2.6F1003B3-E77D-4797-9F33-528F9350262F.svs  (321 MB)  case=TCGA-A6-2677  [be8e0e14-be37-479b-8dbd-a0855e9b59ea]
   • TCGA-G4-6321-01Z-00-DX1.20bd4687-4b24-4666-a722-d42b9731136e.svs  (528 MB)  case=TCGA-G4-6321  [c9352fff-715b-4e2e-a7c3-3afcd2536d20]
   • TCGA-A6-2677-01B-01-BS1.D291C8BD-9AA1-4A11-B7B6-D8413280094B.svs  (343 MB)  case=TCGA-A6-2677  [d0b98410-7e5a-49f6-a149-39b29434f256]
   • TCGA-AA-3979-01A-01-BS1.cc214f4b-8303-46a7-a8d4-a420413adc46.svs  (60 MB)  case=TCGA-AA-3979  [a6e9ea68-efe7-44b9-baef-16dcbd81990d]
   • TCGA-A6-2682-01Z-00-DX1.be71dca0-b9b7-40be-a6c6-9d053c7886a6.svs  (302 MB)  case=TCGA-A6-2682  [2d3b690e-06a8-43ad-9235-dc5eef98dd19]
   • TCGA-AA-3870-01A-01-BS1.144a69bc-62fd-4eb3-8bb5-8078c508d3a3.svs  (76 MB)  case=TCGA-AA-3870  [0666ec2b-c472-40f9-bd57-aa2507a89307]
   • TCGA-AA-3524-01Z-00-DX1.b1aae264-87be-4514-8f9d-25660b39caa7.svs  (208 MB)  case=TCGA-AA-3524  [0ecb2d7b-0a69-46ce-80d6-1be65cec3cc7]
   • TCGA-CM-5863-01A-01-BS1.bc288a16-6a05-4e82-9bb1-fbb20037e92d.svs  (295 MB)  case=TCGA-CM-5863  [704ffebf-cfd2-4c14-8f4e-45b13481cc64]
   • TCGA-AA-3556-01A-01-TS1.cec73849-8808-43fc-b4f3-6a7161d3a61d.svs  (44 MB)  case=TCGA-AA-3556  [c4b0c781-5493-4316-acc3-8271a0012744]
   • TCGA-G4-6307-01Z-00-DX1.fff548a0-8bc8-428e-a4ce-3a5d0b3f060b.svs  (689 MB)  case=TCGA-G4-6307  [2078ca83-55e7-4f53-83d6-82e1682cb493]
   • TCGA-G4-6307-01A-01-BS1.9c0c79ac-5dbc-4adb-a263-39a68b5e9339.svs  (202 MB)  case=TCGA-G4-6307  [e2079f0f-6513-41bd-892d-74dedb5611c2]
   • TCGA-AA-3811-01A-01-BS1.cf9b2d3c-9cab-40ee-968d-ea595846711c.svs  (155 MB)  case=TCGA-AA-3811  [7c92721f-9d3b-42b2-b4a1-e5c1e9a10d33]
   • TCGA-AA-A00Z-01A-01-BS1.47febbeb-d8d0-45fe-b934-30d8992a1737.svs  (53 MB)  case=TCGA-AA-A00Z  [5f11266c-19b3-4003-9efe-fd74984ed616]
   • TCGA-G4-6307-01A-01-TS1.faeeefbc-cb33-49cc-8e31-9a01fba150e2.svs  (159 MB)  case=TCGA-G4-6307  [7b147f26-42cc-43b4-911b-874f03385510]
   • TCGA-AA-3811-01A-01-TS1.6dcefb95-754c-4ea5-9453-8f998a05a9da.svs  (166 MB)  case=TCGA-AA-3811  [0f26f7da-ceab-40bb-9fb3-637a7861060e]
   • TCGA-AA-A02K-01A-02-MS2.59976557-6d83-4b87-946e-e591ce6110bc.svs  (225 MB)  case=TCGA-AA-A02K  [6b20ee40-f420-421b-9edb-1df9246d24d1]
   • TCGA-AA-A02K-01A-03-TS3.d9447da0-6f0e-4806-8f16-3b6af263a67d.svs  (146 MB)  case=TCGA-AA-A02K  [d088c9f5-21bb-447a-a9cf-1f1dd19fbb12]
   • TCGA-NH-A5IV-01Z-00-DX1.1A6F9F12-C00E-47F2-9400-541BA230EFBE.svs  (1492 MB)  case=TCGA-NH-A5IV  [a8903dd1-b3ec-4b10-89f3-142fab914157]
   • TCGA-AA-3561-01A-01-BS1.0ca8c00c-15d4-483c-a0eb-666960f7824f.svs  (146 MB)  case=TCGA-AA-3561  [42299afa-2ad2-4432-b935-b098f992a94b]
   • TCGA-A6-2680-01Z-00-DX1.7b77c0fb-f51d-4d16-ae77-f7615b1d0b87.svs  (165 MB)  case=TCGA-A6-2680  [f373057a-ac13-4a03-9194-58c2c67ccee5]
   • TCGA-CA-5255-01A-01-BS1.efeab2b2-c7f5-4629-82a3-a829edefa40c.svs  (269 MB)  case=TCGA-CA-5255  [173f05b7-3fd2-4b6c-b0b9-43d4c55fd369]
   • TCGA-CA-5255-01A-01-TS1.bc164be8-388d-4e5d-9e9e-f032efe9fed9.svs  (217 MB)  case=TCGA-CA-5255  [dc580720-8d93-4ec8-b3c0-db5018ec3701]
   • TCGA-AA-3675-01A-01-BS1.9a262926-cfce-4642-864a-d670acd672d6.svs  (86 MB)  case=TCGA-AA-3675  [651e0f81-b7f5-4038-95e9-2b55757d9647]
   • TCGA-AA-3858-01A-01-TS1.7ccb3c39-1a32-45fa-9fe4-72364d1ce34f.svs  (50 MB)  case=TCGA-AA-3858  [1f9ce3f2-2148-42aa-96e3-d5e84875b462]
   • TCGA-F4-6807-01Z-00-DX1.84bfb631-af3d-45e7-a7db-730844a53625.svs  (695 MB)  case=TCGA-F4-6807  [8780a5fa-9824-457f-9f2c-5b2d00f7063d]
   • TCGA-A6-2676-01A-01-TS1.d4940455-1e01-44bf-adcf-891d2105f5a4.svs  (252 MB)  case=TCGA-A6-2676  [8b63cb31-9223-4c6d-938c-82b9d6a1f7af]
   • TCGA-AZ-4616-01Z-00-DX1.0a0f6eaa-4db6-4479-a9df-f09387f555b1.svs  (749 MB)  case=TCGA-AZ-4616  [5783bad7-1d94-4257-a234-af0330b96ad9]
   • TCGA-AA-3510-01A-01-TS1.0ecb219f-83da-4bdc-b942-b25c5c3e740c.svs  (93 MB)  case=TCGA-AA-3510  [d5ccc306-b7c7-4e60-ae19-96a7d6e2a296]
   • TCGA-AA-3971-01A-01-TS1.4434d86c-aeed-4f53-998c-7b310a42d8e9.svs  (79 MB)  case=TCGA-AA-3971  [1ada25d1-82f9-40c3-b866-ac7a889845b5]
   • TCGA-AA-A03F-01A-01-MS1.6b626324-d09a-4197-b7bb-a03e7c301de1.svs  (370 MB)  case=TCGA-AA-A03F  [1fa5957e-b910-455e-9c9f-03ea17950637]
   • TCGA-AZ-6603-01A-01-TS1.980f8750-f6ee-4983-84ab-235fd565759b.svs  (333 MB)  case=TCGA-AZ-6603  [aa7d9c8d-8b28-49a1-b48b-e98b291e29d3]
   • TCGA-AZ-6603-11A-01-TS1.b2342be2-b606-41fc-b226-411a09b36db1.svs  (173 MB)  case=TCGA-AZ-6603  [0ef3804f-5be4-4e0c-b5e7-7e9c92b7781f]
   • TCGA-AZ-6603-01A-01-BS1.6e9202f9-7986-41c0-8bb0-0d81e97ebd60.svs  (280 MB)  case=TCGA-AZ-6603  [c7507ae7-cacb-46b7-a79c-ca6be8287313]
   • TCGA-AA-A03F-01A-01-BS1.a991df54-fc7a-4f88-8240-a587bf85aec7.svs  (164 MB)  case=TCGA-AA-A03F  [e22bc1fc-5720-4df5-881b-99ad7c45e6a9]
   • TCGA-AA-A03F-11A-01-BS1.f6da16ec-2e6f-454a-af11-0012bc15b90d.svs  (97 MB)  case=TCGA-AA-A03F  [2895d7db-0e16-439c-923e-ba501229b973]
   • TCGA-CA-6716-01Z-00-DX1.fd53102c-7f2b-47f1-b4d1-5693e81a0478.svs  (653 MB)  case=TCGA-CA-6716  [c78c413d-d6e8-434f-811c-069ce6162bf1]
   • TCGA-AZ-4315-01Z-00-DX1.1a2c2771-3e59-47c3-b380-42110c545e6b.svs  (886 MB)  case=TCGA-AZ-4315  [8884689f-5d9b-4424-8ef8-850c58c0c747]
   • TCGA-D5-6529-01Z-00-DX1.3b2ef23a-29b5-4a22-893c-6114d8244e68.svs  (627 MB)  case=TCGA-D5-6529  [9c45927e-dd3f-46a7-9773-3ef6874ad7d0]
   • TCGA-D5-6529-01A-01-BS1.55012f3b-add1-4b80-9a4c-955721186b6b.svs  (129 MB)  case=TCGA-D5-6529  [94dae7ad-cda5-4ef1-9b1b-f90d1b93a600]
   • TCGA-A6-2678-01Z-00-DX1.bded5c5c-555a-492a-91c7-151492d0ee5e.svs  (171 MB)  case=TCGA-A6-2678  [ace9aef0-0144-4e2b-b5d5-454024a7c591]
   • TCGA-AD-A5EJ-01Z-00-DX1.FA56CEAF-8B70-45EF-A2C9-8AA7BEB3D88A.svs  (143 MB)  case=TCGA-AD-A5EJ  [5fb8d491-f1b7-4284-b982-a965b12edcd3]
   • TCGA-AA-A029-01A-01-TS1.5e3409ca-f795-4b43-a562-e678380ff09e.svs  (228 MB)  case=TCGA-AA-A029  [557280c7-69fa-4291-8192-20845632ea1c]
   • TCGA-AA-A029-01Z-00-DX1.36BA3129-431D-4AE5-98E6-BA064D0B5062.svs  (1340 MB)  case=TCGA-AA-A029  [74a7137c-ea54-477d-a505-2cf147f3cf24]
   • TCGA-CK-4950-01A-01-BS1.86d4eb1d-b2ff-4ebb-808b-f2f3983e1855.svs  (19 MB)  case=TCGA-CK-4950  [722ba6c1-02ef-4edd-aaea-263617fa8dad]
   • TCGA-CM-5344-01A-01-BS1.e41180bb-16d4-453f-b04b-ded2f4cc6322.svs  (501 MB)  case=TCGA-CM-5344  [16efeac0-583f-43d2-a06d-ad9db2ff451f]
   • TCGA-3L-AA1B-01A-01-TS1.9C415218-D5B4-4945-B243-F42A4C8C0484.svs  (291 MB)  case=TCGA-3L-AA1B  [2603768a-e300-490d-98ca-25ead7be66bd]
   • TCGA-3L-AA1B-01Z-00-DX1.8923A151-A690-40B7-9E5A-FCBEDFC2394F.svs  (1172 MB)  case=TCGA-3L-AA1B  [ed5f8c30-29e3-4144-948b-b8658564f2d6]
   • TCGA-CM-5344-01A-02-BS2.52a55c94-3f7a-43eb-ad98-d8023f7d916c.svs  (412 MB)  case=TCGA-CM-5344  [427db926-687d-4b7c-832b-a8c1e312c9a4]
   • TCGA-AA-3526-11A-01-TS1.22c7e397-7fbc-4c9d-b800-9a355a9c1054.svs  (27 MB)  case=TCGA-AA-3526  [83c10740-4e3c-42fd-b2a5-5c3c9b301d15]
   • TCGA-QG-A5Z1-01Z-00-DX1.F3157C57-0F35-42D3-9CA5-C72D93F1BF89.svs  (837 MB)  case=TCGA-QG-A5Z1  [a661753c-59b0-4e68-87c9-ac2dd5d17051]
   • TCGA-A6-6653-01Z-00-DX1.e130666d-2681-4382-9e7a-4a4d27cb77a4.svs  (233 MB)  case=TCGA-A6-6653  [023ca8d1-d8ef-492e-b542-e5e16e1ded09]
   • TCGA-AA-3819-01A-01-TS1.55b029b4-fe85-4cdc-ab80-a6215c225b3b.svs  (82 MB)  case=TCGA-AA-3819  [be2ab5f6-0247-4c6d-adf2-d51f803fbe8e]
   • TCGA-AA-3544-01A-01-TS1.d496dd9f-cd37-4827-9cbc-c10079b3cfe4.svs  (125 MB)  case=TCGA-AA-3544  [3b03ba79-ee5b-4ef4-917f-0ab752cf2101]
   • TCGA-AA-3867-01A-01-BS1.e61205c4-6f3a-48bf-873a-3539bc4de0da.svs  (55 MB)  case=TCGA-AA-3867  [0262edea-d1e0-4863-a0bc-32b771c4778a]
   • TCGA-F4-6570-01A-01-TS1.1fd11966-a90a-466a-a1e1-57a2fe1bfc64.svs  (510 MB)  case=TCGA-F4-6570  [7e274fb1-5733-46f5-8c44-25486a174892]
   • TCGA-F4-6570-01A-01-BS1.cec0d32b-f66a-4e89-a926-0d1e885439ce.svs  (445 MB)  case=TCGA-F4-6570  [592d363f-5016-4fd1-82c2-663325faaa5d]
   • TCGA-AD-6889-01Z-00-DX1.5269A81E-5391-4875-8F2A-6505BC5BBFD9.svs  (401 MB)  case=TCGA-AD-6889  [4d52a92f-7495-41ec-8606-5fff12413940]
   • TCGA-CA-5256-01A-01-TS1.82b020e6-7b4d-4285-a7b5-f0368fb8256f.svs  (192 MB)  case=TCGA-CA-5256  [bfa45b60-e3d8-4e90-824c-bd44bf961611]
   • TCGA-AA-3975-01A-01-TS1.e1054c8a-3f00-4afc-856d-4ab27e04d2d3.svs  (105 MB)  case=TCGA-AA-3975  [3ae2df00-0ce9-438f-961e-60925e0f5484]
   • TCGA-AA-3560-01A-01-TS1.e28f2269-e4c4-4d22-8c8b-59c650db215d.svs  (78 MB)  case=TCGA-AA-3560  [e26276d0-bac9-4fb1-af94-718158145108]
   • TCGA-D5-6920-01Z-00-DX1.e184673f-e7e9-44aa-9dae-7054bd1d0d00.svs  (117 MB)  case=TCGA-D5-6920  [c278e965-d5e0-49bf-87f5-a9257b2b702c]
   • TCGA-AZ-4684-01A-01-TS1.6d9d6665-991c-42a1-aa37-3c27104cbd09.svs  (112 MB)  case=TCGA-AZ-4684  [09d1c80d-819d-452d-a931-2529e5f28e51]
   • TCGA-AZ-4684-01A-01-BS1.1427f6b7-0342-4a14-9917-e336b0dc5c5e.svs  (266 MB)  case=TCGA-AZ-4684  [be57888b-8a70-4378-b566-da9feb68a55a]
   • TCGA-AA-3558-01A-01-BS1.5ad1d706-c15b-46a5-b1fd-3916edcd6390.svs  (73 MB)  case=TCGA-AA-3558  [68955905-f33f-4473-938a-b695353fe106]
   • TCGA-AA-3850-01A-01-BS1.a79f7820-ea1e-468d-a61f-3e50e2ca2ad8.svs  (151 MB)  case=TCGA-AA-3850  [6cfb020e-4c35-4a8b-b01a-94578de973d1]
   • TCGA-CK-4952-01Z-00-DX1.0e98c7b4-5f80-485d-a191-ad93564b5f96.svs  (466 MB)  case=TCGA-CK-4952  [5794786f-1632-4ec6-8a92-2430c9564260]
   • TCGA-AA-3673-01A-01-TS1.777ea746-5759-45fb-8f4c-01775b41de03.svs  (65 MB)  case=TCGA-AA-3673  [d6d7d7ef-f19a-4a0d-8d4f-e6156abdd91e]
   • TCGA-CM-6675-01A-01-BS1.822b3286-5d8b-4a9c-b965-430235f3422f.svs  (330 MB)  case=TCGA-CM-6675  [0cedd21f-8f10-42bb-90d3-6aae5408cc9e]
   • TCGA-AA-A01R-01A-01-BS1.b54aed01-30f8-451b-b0cf-0dda6e7991e3.svs  (150 MB)  case=TCGA-AA-A01R  [0ebd7fc3-bd6b-408a-b83a-31bc22aab893]
   • TCGA-CK-4947-01B-01-TS1.af4c4f0e-2727-4ceb-8681-55baa4bd92c4.svs  (81 MB)  case=TCGA-CK-4947  [88e5ebdd-eb58-479d-8011-b7e67fbfa893]
   • TCGA-CM-6675-01A-01-TS1.2bea1d2f-2ed2-4179-a3e3-2ea1c135d638.svs  (134 MB)  case=TCGA-CM-6675  [5b6a8ba4-28f7-4d5c-bcdb-1fe47de7a467]
   • TCGA-AA-3538-01A-01-TS1.f4f86337-a2db-473d-9421-6c7857cc8be9.svs  (77 MB)  case=TCGA-AA-3538  [28e762db-6793-4d92-926f-cb7a755d7439]
   • TCGA-AA-3955-01A-02-BS2.8986a2d6-554e-4820-97f7-8b41cc16a2cb.svs  (34 MB)  case=TCGA-AA-3955  [b5e35b69-16d3-4c1b-8223-2545b6be6fb7]
   • TCGA-AA-3955-01A-01-BS1.390db0f7-4155-452f-b8ce-04f1b02f43c7.svs  (83 MB)  case=TCGA-AA-3955  [b2fffef0-e0c0-4eea-888f-79ac63199e5e]
   • TCGA-G4-6299-01Z-00-DX1.22701e3b-7bfb-45ad-9382-842b2da0387a.svs  (854 MB)  case=TCGA-G4-6299  [871c2b48-1461-40b9-a517-7a67474b22fa]
   • TCGA-AA-A00J-01Z-00-DX1.BA85D337-6687-44A6-A8DD-0CE889134BA0.svs  (1838 MB)  case=TCGA-AA-A00J  [df3708ed-f6bd-464a-9717-360ab5877e10]
   • TCGA-AA-A00J-01A-03-BS3.6420ca20-aeaa-4ce2-b760-ad2934bbb0c2.svs  (212 MB)  case=TCGA-AA-A00J  [eb1f4479-4ccd-4c68-a6a6-e7ff39791eff]
   • TCGA-A6-2686-01A-01-BS1.2a175b18-8e1e-47c3-a588-37e48bd67ae8.svs  (284 MB)  case=TCGA-A6-2686  [b3a8bf32-9680-4775-9cac-a443911fd2ee]
   • TCGA-A6-2686-01A-01-TS1.00e23c17-9cee-4a80-8965-94ffea91864f.svs  (186 MB)  case=TCGA-A6-2686  [46b62086-3c09-49b7-811c-b8b934093831]
   • TCGA-A6-2686-11A-01-TS1.24ec13e0-fc36-47bc-97f6-0bfdadae2387.svs  (58 MB)  case=TCGA-A6-2686  [92dc32ac-6bb2-48aa-b735-883831a9d12b]
   • TCGA-AA-3845-01Z-00-DX1.20682536-a009-4184-a40b-cb889f37ad32.svs  (213 MB)  case=TCGA-AA-3845  [33a4ddef-d89c-4a9d-822d-33d3cf9527e4]
   • TCGA-CM-6171-01Z-00-DX1.74d4391e-3dbc-4ad4-b188-3b11ac65e6d8.svs  (864 MB)  case=TCGA-CM-6171  [d5b766d5-9f09-46a2-84c4-2eec944efc7f]
   • TCGA-CM-6171-01A-01-BS1.97f8f2a5-7a05-4d2d-95e8-160fd1ceabee.svs  (404 MB)  case=TCGA-CM-6171  [14163120-2e4e-4ad0-b50c-d568e553cdc8]
   • TCGA-AA-3980-01Z-00-DX1.93383cb9-59a7-431d-b268-3c3d59a1120e.svs  (263 MB)  case=TCGA-AA-3980  [9d0ac4ac-d488-4162-8d1b-9d8287d0fe52]
   • TCGA-AA-3980-01A-01-BS1.5bd127a6-e264-4b2f-8e17-5f3860cdb858.svs  (221 MB)  case=TCGA-AA-3980  [48ac9e33-0354-4d5f-85fe-502471d8fe01]
   • TCGA-CA-6715-01Z-00-DX1.d5db8085-f91a-4eee-b15f-61960af713af.svs  (786 MB)  case=TCGA-CA-6715  [808c0782-1739-4c70-a26f-8fe8c4ae8f64]
   • TCGA-CA-6715-01A-01-BS1.599da92d-a9c9-49bb-b9e0-0dacee40fb95.svs  (374 MB)  case=TCGA-CA-6715  [c013771d-b689-4971-94fb-98d2b58fd05e]
   • TCGA-A6-A566-01A-01-TS1.B173539B-59DA-428A-9DDE-D69D714676A0.svs  (142 MB)  case=TCGA-A6-A566  [c6864b4f-b2b6-4f5b-8579-0d7bcab8fb6d]
   • TCGA-AA-3679-01A-01-BS1.e4618e62-971f-4914-8e56-94598518ee95.svs  (82 MB)  case=TCGA-AA-3679  [f0103890-058c-4473-8d06-a792c5da89c8]
   • TCGA-AA-3679-01A-02-BS2.e04adadb-daf5-437e-a59e-ea6b90a9b3b5.svs  (57 MB)  case=TCGA-AA-3679  [a8570f5b-0c51-42bc-9123-f040d5e99d71]
   • TCGA-CA-5254-01A-02-BS2.05da9881-f9bb-499a-b1fa-1919d2882015.svs  (415 MB)  case=TCGA-CA-5254  [658deaed-78e5-41c3-bc60-0d8d4e994e09]
   • TCGA-AA-3710-01Z-00-DX1.78082263-b7e9-4281-aa55-2da5f80e4499.svs  (397 MB)  case=TCGA-AA-3710  [7bc0aeaa-e051-48fa-9d7e-afd6838713e3]
   • TCGA-AA-3710-01A-01-BS1.65a87a45-85e9-405e-860f-e6199c8560ab.svs  (158 MB)  case=TCGA-AA-3710  [37caea39-ddb3-434c-90e7-5d622bfaa1f0]
   • TCGA-CA-5254-01A-01-BS1.0c1d7512-1dc9-4168-bfca-1e3cc8121a90.svs  (395 MB)  case=TCGA-CA-5254  [776b1d9e-4bb3-447c-9d33-82614da8c3d8]
   • TCGA-AA-A004-01A-01-MS1.8926906e-f0ea-42d7-b71b-32c5f1f56405.svs  (362 MB)  case=TCGA-AA-A004  [796241f5-99e7-4d84-8965-8af2c9b3d920]
   • TCGA-AA-A004-01Z-00-DX1.2576461E-7FA3-4CC6-8CC3-58D8E88CE04D.svs  (841 MB)  case=TCGA-AA-A004  [75689647-c068-4d5a-bd1e-fc984cbf71a3]
   • TCGA-D5-6930-01A-01-TS1.14bcd1e4-5a00-4c2a-9336-81c9ea6da126.svs  (41 MB)  case=TCGA-D5-6930  [e3d5dd7c-562b-45c0-8e5b-d276bc04fdb8]
   • TCGA-DM-A28M-01A-01-TS1.782AB756-02E2-4D22-BDAE-C338A45AD540.svs  (259 MB)  case=TCGA-DM-A28M  [cd5c9d42-ec7b-4be4-a144-cec84be76bcd]
   • TCGA-AA-3947-01A-01-BS1.db1e4da6-0e10-49b8-a02f-92a4c847f826.svs  (149 MB)  case=TCGA-AA-3947  [6aad2fec-2606-4d3e-869f-254bc6c220d4]
   • TCGA-AA-3947-01Z-00-DX1.77005e19-8a8e-4b82-89e9-c81af9b41193.svs  (669 MB)  case=TCGA-AA-3947  [bb860990-f9de-41cb-8e51-4a28f26aad61]
   • TCGA-AU-6004-01A-01-TS1.668305f0-c96b-4472-abdb-56d75eddb342.svs  (238 MB)  case=TCGA-AU-6004  [f45e8181-fa59-480c-9d25-f7fbf78e6151]
   • TCGA-F4-6704-01A-01-BS1.51a400b4-3415-4675-a41a-5560f5f665e8.svs  (204 MB)  case=TCGA-F4-6704  [16c91144-0f25-4b80-950a-f7b42de39993]
   • TCGA-AZ-4615-01A-01-BS1.cde3282d-5a73-49ea-b795-02c9bbdf6897.svs  (120 MB)  case=TCGA-AZ-4615  [3679d0f9-de4b-4dc1-9556-1b0f774f1813]
   • TCGA-AA-3514-01A-01-BS1.6ba3cd6f-4d50-40c7-b81d-f8c420e17597.svs  (86 MB)  case=TCGA-AA-3514  [8544b422-e4b8-4db0-b2e2-c2a55e286eb8]
   • TCGA-A6-5660-01Z-00-DX1.b254e383-a889-4b73-8f91-8580c8285754.svs  (194 MB)  case=TCGA-A6-5660  [3e1fc385-7eef-4d96-9735-a5c039286ee4]
   • TCGA-AA-3514-01A-02-BS2.40fe9da9-c933-4910-a2d9-06a683181d0c.svs  (52 MB)  case=TCGA-AA-3514  [9088ba3c-df7a-473d-a223-7100618640c0]
   • TCGA-AA-A02W-01Z-00-DX1.3D9DD408-C389-411D-B4AC-6DC531D35BAD.svs  (396 MB)  case=TCGA-AA-A02W  [f60984ad-aef4-454d-acc2-28886772f55b]
   • TCGA-AA-A02W-01A-01-BS1.dfde4d54-8888-417e-b932-359abfcf0bfd.svs  (100 MB)  case=TCGA-AA-A02W  [281cccea-9f2f-4439-a242-4bf3531b217d]
   • TCGA-AA-A02W-01A-01-TS1.e03ea10c-f379-413d-a5b9-c37dab9ec896.svs  (115 MB)  case=TCGA-AA-A02W  [14d94f15-92f4-46ae-9510-3ecf00fa0358]
   • TCGA-AZ-6600-11A-01-TS1.e0b52060-f51f-4bc9-8565-2093c12fa5f0.svs  (139 MB)  case=TCGA-AZ-6600  [73d104e3-b018-4e81-b1b3-641b053ebbc4]
   • TCGA-F4-6856-01A-01-BS1.d5f9d75c-4420-4ed2-af83-bc0a436a1425.svs  (360 MB)  case=TCGA-F4-6856  [fed25f75-4f95-4e4e-8612-11f6e1ac0307]
   • TCGA-D5-6536-01A-01-BS1.b26ba6dc-b04e-4466-84a7-6a30b5a2b175.svs  (124 MB)  case=TCGA-D5-6536  [f419d635-041a-4e08-aff6-aceb2b3ced43]
   • TCGA-A6-5661-11A-01-TS1.0fafbb04-e302-44ae-99e8-09efddd81d4e.svs  (68 MB)  case=TCGA-A6-5661  [d9dc3821-b36f-4d3a-9002-a88a28edbb9d]
   • TCGA-A6-5661-01Z-00-DX1.bad2d858-11b4-4b9c-a720-daaae592cf48.svs  (161 MB)  case=TCGA-A6-5661  [31565365-1404-46ff-b4f6-a5c5294c9ba6]
   • TCGA-A6-5661-01A-01-BS1.1f91a679-dcad-4f1d-bfbe-1ba0ec48b7d6.svs  (86 MB)  case=TCGA-A6-5661  [43c848d8-a695-4136-becc-97cafb96c3a7]
   • TCGA-F4-6855-01Z-00-DX1.41ed5985-be19-4dce-aab6-de3be0f1dcca.svs  (123 MB)  case=TCGA-F4-6855  [df076968-bcb9-4d39-918d-a6775020cd60]
   • TCGA-AA-3684-01Z-00-DX1.c6be6ea4-fa92-4499-b458-85c3a8b1e3b6.svs  (930 MB)  case=TCGA-AA-3684  [aaab8c27-dbc8-4221-9b14-97834e3b756f]
   • TCGA-F4-6855-01A-01-BS1.531e6118-a433-44e1-ba96-d38fb9db688c.svs  (278 MB)  case=TCGA-F4-6855  [c22b14a1-c597-4e07-99b0-98d119d75684]
   • TCGA-AA-3846-01A-01-BS1.f7825470-fb40-4a47-924f-fb6a83cab229.svs  (67 MB)  case=TCGA-AA-3846  [c4be8b54-ef73-4670-bf94-c6db34d33003]
   • TCGA-A6-2674-01B-03-BS3.881F359F-A96C-48E5-A89A-9DC1EFC15A6F.svs  (62 MB)  case=TCGA-A6-2674  [dbb0df44-0c4c-4d04-808f-b53d99a01312]
   • TCGA-A6-2674-01A-02-BS2.9677c59e-49bb-4ec1-a92b-a8277d4e129d.svs  (45 MB)  case=TCGA-A6-2674  [16088757-3a11-448f-8746-889b3ea63d6a]
   • TCGA-A6-2674-01A-01-BS1.b914ab0f-87d7-4432-ab59-4907c7144355.svs  (114 MB)  case=TCGA-A6-2674  [8177ef54-daf1-4ce8-9150-96c70bd8f4e2]
   • TCGA-A6-2674-01B-04-BS4.3BB89027-F2F7-4A56-AEBF-FD18D63FA9FE.svs  (35 MB)  case=TCGA-A6-2674  [b94c13e3-3374-4d5f-9fb4-fd5cbf72a69e]
   • TCGA-A6-2674-11A-01-TS1.9fdaacfa-6ff3-43b9-81d3-3277f6686fb2.svs  (51 MB)  case=TCGA-A6-2674  [ddf3b436-0639-442a-8241-82409f5c82c7]
   • TCGA-A6-2674-01Z-00-DX1.d301f1f5-6f4a-49e6-9c93-f4e8b7f616b8.svs  (99 MB)  case=TCGA-A6-2674  [0acc3fcf-1209-4824-8d25-e4d0c0f2ac1b]
   • TCGA-AA-A01T-11A-01-TS1.9c3b7ea7-400b-4b2d-9bd5-6f045abc4077.svs  (40 MB)  case=TCGA-AA-A01T  [66b02c1f-10dc-4652-8d66-349ae934a42b]
   • TCGA-AA-A01T-01A-02-BS2.d1b3676f-ce82-496d-b0b1-198c09819b96.svs  (260 MB)  case=TCGA-AA-A01T  [20ac6c00-481e-408d-a31b-3c7ccaa4400b]
   • TCGA-AA-A01T-01Z-00-DX1.0C795296-87D6-4B90-9363-CF5CD7A2924D.svs  (986 MB)  case=TCGA-AA-A01T  [128f36a1-0433-4533-87c3-743f13a586fe]
   • TCGA-AA-A01T-01A-01-BS1.ecea1ae6-b827-4b0f-8731-57486e66b5c8.svs  (165 MB)  case=TCGA-AA-A01T  [7eaf6865-f867-4108-822c-1e9ee6449d6b]
   • TCGA-AA-A01T-11A-01-BS1.182a7c9a-9d5d-4268-a88c-e1779ab5293f.svs  (56 MB)  case=TCGA-AA-A01T  [f6b77cf3-1a12-4e5a-a210-89a59b837bc1]
   • TCGA-QG-A5Z2-01Z-00-DX2.F2352352-8F00-4BB3-8A62-8D1C1E374F95.svs  (1535 MB)  case=TCGA-QG-A5Z2  [3e405d04-ccc8-4757-9a70-d30f449e2548]
   • TCGA-QG-A5Z2-01A-01-TS1.2BDC5596-43D9-4CA0-B876-B2EB286B5569.svs  (149 MB)  case=TCGA-QG-A5Z2  [2d332273-8e19-4d43-8db2-8386f02947e1]
   • TCGA-QG-A5Z2-01Z-00-DX1.51896C31-235E-48EF-90F7-FC05350CA564.svs  (1235 MB)  case=TCGA-QG-A5Z2  [f4e7f126-b2e2-4e0e-b7cc-4bf4df4656f9]
   • TCGA-AU-3779-01A-01-TS1.2df8c217-b82f-4cb7-bab5-333aea62c658.svs  (68 MB)  case=TCGA-AU-3779  [80d8622f-e2cc-4251-a5f6-e933e9ee6f22]
   • TCGA-AU-3779-01Z-00-DX1.4134005A-8A79-46DC-8737-B3C8AAC2DFCA.svs  (207 MB)  case=TCGA-AU-3779  [0c59c32a-ce9a-4557-be21-90d72ddc34b4]
   • TCGA-CM-6166-01Z-00-DX1.52eaa124-7ab5-4aaf-b074-7f89a4c53804.svs  (631 MB)  case=TCGA-CM-6166  [49df964d-62da-429f-8700-3a5955ea4ef3]
   • TCGA-CM-6166-01A-01-BS1.445ed94e-61c8-4fed-9ba8-cf7dbf28d7ac.svs  (532 MB)  case=TCGA-CM-6166  [7ba0cc3c-1267-44b3-be3d-1fa1464ed2fc]
   • TCGA-AA-3667-01Z-00-DX1.28dc3612-1c43-4727-a134-698cc4315dc3.svs  (310 MB)  case=TCGA-AA-3667  [5fa14139-2603-4f30-a508-ec94432dc9e6]
   • TCGA-AA-3667-01A-01-BS1.ff761eb9-b6af-4a51-92aa-fb5c014f061d.svs  (102 MB)  case=TCGA-AA-3667  [5b2fe2b4-81fe-432b-ad17-54ed0f429e20]
   • TCGA-AA-3664-01A-01-BS1.e4c03804-7edc-4512-b503-b49f6b461bf2.svs  (195 MB)  case=TCGA-AA-3664  [ddc76516-97e6-4b97-83f9-234bae5c95aa]
   • TCGA-AA-3664-01Z-00-DX1.bd07e7ef-0acb-43d8-a4f6-15b3442d2ed5.svs  (437 MB)  case=TCGA-AA-3664  [08ef38c6-068b-420d-b629-d7778492c0a9]
   • TCGA-AA-3664-01A-01-TS1.55511d37-6872-48a1-9a38-728cedc6ff8f.svs  (59 MB)  case=TCGA-AA-3664  [ab4506f1-209d-4430-9f2d-27ebc0dc9ba4]
   • TCGA-AA-3666-01Z-00-DX1.fe976853-fbde-46e8-b915-3c98440c9315.svs  (423 MB)  case=TCGA-AA-3666  [adfeb295-e16d-4d70-a2d4-77537f553ade]
   • TCGA-AA-3666-01A-01-BS1.d188348a-8f7b-4a30-9fa9-95606b1d4c15.svs  (152 MB)  case=TCGA-AA-3666  [6c68cc34-59ba-40f8-939d-5311b5df9cb8]
   • TCGA-AA-3666-01A-02-BS2.2229e92d-3a3e-4b10-a33b-1b236177c741.svs  (80 MB)  case=TCGA-AA-3666  [08394df9-88cd-4f1d-baec-d41bcfd1e067]
   • TCGA-AA-3930-01A-01-BS1.0bad3a47-f8c0-4d16-940b-f5884a865ea9.svs  (80 MB)  case=TCGA-AA-3930  [cad22af0-c6cc-4ea6-8676-c932d09a0097]
   • TCGA-AA-3930-01A-01-TS1.c8f2cf6b-4f87-4dba-bb36-9fbc7b78d06c.svs  (75 MB)  case=TCGA-AA-3930  [b2ea54de-6a58-46c3-a9fd-00b7afc4e448]
   • TCGA-AA-3930-01Z-00-DX1.065c480c-9ac3-4d98-a351-cb320b6a5ba0.svs  (180 MB)  case=TCGA-AA-3930  [cae38e3c-38b7-40ef-9a59-2a60c5aeb1c0]
   • TCGA-AZ-4308-01A-01-BS1.e36c2981-7369-44ef-abe3-fc36091415b1.svs  (394 MB)  case=TCGA-AZ-4308  [7342dc05-599f-40b6-9d46-ee8181ecbb95]
   • TCGA-AZ-4308-01A-01-TS1.b3a2bd19-d256-4502-93f2-768b057d18ef.svs  (261 MB)  case=TCGA-AZ-4308  [9b2682d1-8ca7-41f7-8a53-0448f0c45527]
   • TCGA-AZ-4308-01Z-00-DX1.804e054d-e206-4b34-a992-86317ef515d9.svs  (519 MB)  case=TCGA-AZ-4308  [f6c772bc-2678-4808-9821-0cd9405b868b]
   • TCGA-AZ-6606-01A-01-TS1.e1abc04e-cdcc-4a43-b7bd-16485f4eefb3.svs  (486 MB)  case=TCGA-AZ-6606  [28c22792-c969-484f-9cbe-259da69de055]
   • TCGA-NH-A8F8-01Z-00-DX1.0C13D583-0BCE-44F7-A4E6-5994FE97B99C.svs  (1464 MB)  case=TCGA-NH-A8F8  [e592fc48-a4b8-4e73-9307-4fc462e6eda5]
   • TCGA-AZ-6606-01Z-00-DX1.aa79b3d8-8ff1-4171-96dc-94bc7d073d93.svs  (839 MB)  case=TCGA-AZ-6606  [20c10ff9-8505-451d-adb0-aacfe649ad79]
   • TCGA-G4-6315-01Z-00-DX1.2c3c17b0-c118-42b1-b1c9-7cc984e47f6c.svs  (817 MB)  case=TCGA-G4-6315  [bd7699c4-4b91-4e1f-9114-f449cf7b2889]
   • TCGA-AA-3855-01A-01-BS1.1220f34f-e719-4ca8-95a6-1f6e79e65f2b.svs  (79 MB)  case=TCGA-AA-3855  [bf72f0f2-42b4-4872-817f-95b7b66268cf]
   • TCGA-G4-6315-01A-01-TS1.1aeb54c8-b915-4487-83e2-adda5f470214.svs  (175 MB)  case=TCGA-G4-6315  [a8549a98-0b0d-49db-bce1-b9bd1a655a22]
   • TCGA-AA-3855-01A-01-TS1.27ee96ac-5833-4373-b5e0-58717546ba54.svs  (48 MB)  case=TCGA-AA-3855  [32700c71-80dd-4581-9224-4e7b40b9266e]
   • TCGA-AA-3855-01Z-00-DX1.f305ce6c-e87c-4e68-b31e-2e6e8b52606f.svs  (312 MB)  case=TCGA-AA-3855  [6fcd943f-d10f-460b-8f28-7ce08818acff]
   • TCGA-CK-5913-01A-01-TS1.d2ffb454-f0de-4538-9534-bc945895944a.svs  (36 MB)  case=TCGA-CK-5913  [f995d6c4-1c7d-4fed-bcbc-26ef74bb323d]
   • TCGA-AA-A010-01A-05-TS5.6c3ea307-3ea0-4d38-b0f3-a46e3f7d01a8.svs  (617 MB)  case=TCGA-AA-A010  [a370a532-0169-429d-9c60-cb853954e6d3]
   • TCGA-A6-2675-01Z-00-DX1.d37847d6-c17f-44b9-b90a-84cd1946c8ab.svs  (37 MB)  case=TCGA-A6-2675  [2e1217f8-442e-431e-9036-1e159627a9ae]
   • TCGA-AA-A010-01Z-00-DX1.AA174B84-1EF2-47EA-85A6-516B3328325D.svs  (1060 MB)  case=TCGA-AA-A010  [ca97b61f-6cd6-4439-96ba-009841691943]
   • TCGA-A6-2675-01A-01-TS1.1ba3066b-7ad1-4026-8827-0f93804f348f.svs  (49 MB)  case=TCGA-A6-2675  [bf1d40cb-61c7-454b-a885-ad9e936c3c8f]
   • TCGA-A6-2679-01Z-00-DX1.8df66ef4-d9e5-41db-836d-f0afe46d6b5a.svs  (122 MB)  case=TCGA-A6-2679  [7ef2a641-5cec-4743-a2a5-4416268f09fe]
   • TCGA-A6-6651-01A-01-BS1.814ef096-0196-4308-8674-d760800476de.svs  (74 MB)  case=TCGA-A6-6651  [70e7ee1c-1805-4e16-84b2-ec35ad728e8e]
   • TCGA-A6-2679-11A-01-TS1.da669be7-3686-48dd-a569-0634d631b543.svs  (67 MB)  case=TCGA-A6-2679  [45d3b99c-6fe5-4167-bb01-fa46177683e2]
   • TCGA-A6-2679-01A-01-BS1.2a184efa-dbdc-4a1e-8a5a-aa761f4aa848.svs  (132 MB)  case=TCGA-A6-2679  [9ae9e6cb-5da2-4162-a8c8-2e08af79cedf]
   • TCGA-AA-A00A-01A-01-BS1.53aa013a-3fed-4356-9932-1d859af4fc84.svs  (74 MB)  case=TCGA-AA-A00A  [e072489e-6ab2-4b02-83aa-e10e35ff1378]
   • TCGA-AA-A00A-01Z-00-DX1.B51DF257-6110-404C-9B20-A3C3453788F6.svs  (815 MB)  case=TCGA-AA-A00A  [395f7bb8-037f-4126-98a9-2f48442d0606]
   • TCGA-5M-AAT4-01Z-00-DX1.725C46CA-9354-43AC-AA81-3E5A66354D6B.svs  (2275 MB)  case=TCGA-5M-AAT4  [2680fe2f-eef9-404e-a6a3-cdec178460a8]
   • TCGA-AD-5900-01Z-00-DX1.ff1dbf00-d9c5-45a2-9732-07b46f4e1471.svs  (85 MB)  case=TCGA-AD-5900  [8dc9441e-aa26-4718-bee4-77b28f1a401a]
   • TCGA-5M-AAT4-01A-01-TS1.70508921-9A9C-4374-8052-248FF7FF0BB1.svs  (281 MB)  case=TCGA-5M-AAT4  [0f800f62-e1f7-4776-833f-36bea8e76bd6]
   • TCGA-AA-A00E-01A-01-TS1.1a04af98-5224-46aa-9112-4babc48ac3e8.svs  (226 MB)  case=TCGA-AA-A00E  [bdcdd796-c560-4122-aeb2-887ce631dc4c]
   • TCGA-AA-A00E-01A-01-BS1.2a5c1ce7-c681-4bbe-8253-40c10fb6638c.svs  (161 MB)  case=TCGA-AA-A00E  [eb20ec10-f85b-4736-a216-77218d9fc446]
   • TCGA-AA-A00E-01Z-00-DX1.ABFCAF2D-287A-445F-9F32-BD00D1B385C3.svs  (868 MB)  case=TCGA-AA-A00E  [4750c7b9-15c5-41c8-91cf-127b1cfbc78c]
   • TCGA-AA-A01F-01A-01-BS1.0b120cfc-c7c4-4264-9eec-259210e5f71d.svs  (127 MB)  case=TCGA-AA-A01F  [8a3ec87e-63b2-4edb-b647-2dc5a36819c1]
   • TCGA-AA-A01F-01A-02-BS2.d85deeec-0f9d-4bb2-ad32-b84a46b48569.svs  (303 MB)  case=TCGA-AA-A01F  [8b0d3004-ae9c-4bf9-b2e4-f3f111870447]
   • TCGA-AA-A01F-01Z-00-DX1.A09E4A5B-1DD2-472C-B387-91803FEE514A.svs  (271 MB)  case=TCGA-AA-A01F  [ae3fe372-c84a-40af-aa78-71004e45e951]
   • TCGA-AA-A01F-01A-01-TS1.275106f7-ae4a-4195-a878-8fd002c5209b.svs  (402 MB)  case=TCGA-AA-A01F  [e9f51ddb-4357-49ab-9171-c75c309d2bd2]
   • TCGA-AA-A01P-01A-01-BS1.5006c54c-feb3-4890-bad1-e8d490f51560.svs  (132 MB)  case=TCGA-AA-A01P  [af43ef77-d274-46df-a9ab-053b0364307b]
   • TCGA-AA-A01P-01A-02-BS2.288175db-7f9c-45ff-9c0b-f1506ea25700.svs  (233 MB)  case=TCGA-AA-A01P  [92cd953c-ca86-4342-8d43-1cd7d52a33a1]
   • TCGA-AA-A01P-01Z-00-DX1.D7AAA4F0-C956-4346-8948-DADACDFB3B69.svs  (1612 MB)  case=TCGA-AA-A01P  [22c257cf-df9e-441a-a21c-d78b2b528087]
   • TCGA-AA-A01P-11A-01-BS1.b633984f-2eec-47a3-a305-3b5a796d74b4.svs  (38 MB)  case=TCGA-AA-A01P  [a73ef181-1e31-4af9-b5dc-5a1df5e788f4]
   • TCGA-AA-A01P-11A-01-TS1.0f1f9b20-91ab-4f4d-81fa-fb1d0392302c.svs  (24 MB)  case=TCGA-AA-A01P  [c68ca609-701e-4f71-a5ab-5e9dded41c96]
   • TCGA-DM-A288-01Z-00-DX1.716efd68-52d4-4049-b9a6-480700579e74.svs  (1714 MB)  case=TCGA-DM-A288  [ec5b592f-8203-451a-8491-5998c12a5355]
   • TCGA-DM-A288-01A-01-TSA.2723D043-410A-45BF-8998-F44A2CDC0012.svs  (203 MB)  case=TCGA-DM-A288  [6316ed2d-59f1-49f9-a3b8-bbcc7bfe6c02]
   • TCGA-AY-5543-01Z-00-DX1.f3614d19-8391-49cc-a0e4-932e717696d3.svs  (557 MB)  case=TCGA-AY-5543  [4be5d625-9594-4bee-b6b2-2827ce65b473]
   • TCGA-AY-5543-01A-01-TS1.f3ec9cda-f991-4da2-8ce9-6a83cc35e6b2.svs  (71 MB)  case=TCGA-AY-5543  [8ddcf8f4-4137-4c1b-b9de-d670b8f39ffe]
   • TCGA-AA-3495-01A-01-BS1.0b1a5050-0d23-4d3c-9684-600c86f30163.svs  (44 MB)  case=TCGA-AA-3495  [24d91a92-dd20-4f88-8a22-8105beeb884c]
   • TCGA-AA-3851-01Z-00-DX1.cefbb22e-6b16-41b2-b732-452bf2efe425.svs  (288 MB)  case=TCGA-AA-3851  [c4d2c58a-4de5-452b-907b-40a61972aa59]
   • TCGA-AA-3851-01A-01-TS1.d1db2d9d-8422-48d0-87ac-6470b546cb4c.svs  (50 MB)  case=TCGA-AA-3851  [211bf145-cd98-41ff-9226-505b8fb989d2]
   • TCGA-DM-A1D0-01Z-00-DX1.1EE92F9A-3DAA-4C1E-9A17-F9E0D31BE0C1.svs  (1380 MB)  case=TCGA-DM-A1D0  [675fc406-3949-4456-bf24-1bcacd22b24f]
   • TCGA-DM-A1D0-01A-01-TSA.e2da79e6-10f7-41dd-86a0-fe1fd27b8647.svs  (99 MB)  case=TCGA-DM-A1D0  [643f787b-ea5e-41e1-bc5d-45a18ae69412]
   • TCGA-G4-6303-01Z-00-DX1.5819f041-d9b8-4fd2-bf52-65677be31df1.svs  (428 MB)  case=TCGA-G4-6303  [7c617b9e-ba32-45b4-9fa1-51d3af5dc1da]
   • TCGA-G4-6303-01A-01-BS1.727d4336-9dbd-4253-b3af-f96766914691.svs  (152 MB)  case=TCGA-G4-6303  [ee21af06-7fe6-4ddf-815d-1864f919353b]
   • TCGA-G4-6303-01A-01-TS1.d05cb0d1-563c-4db3-a0f9-6e4b55e0fc3c.svs  (70 MB)  case=TCGA-G4-6303  [aa7faa2b-2cc2-4053-a1e9-a6b7559a520e]
   • TCGA-AM-5820-01A-01-BS1.974fd131-fb7b-4b55-ad46-afa2e146ec4b.svs  (201 MB)  case=TCGA-AM-5820  [d3569cf3-d749-4275-9ca1-b2d7ac0223fc]
   • TCGA-AM-5820-01A-01-TS1.272cf2b7-aa58-4dba-8ec0-54fad5fb57d1.svs  (107 MB)  case=TCGA-AM-5820  [35549785-2c27-4175-a933-97348cd01c4a]
   • TCGA-AM-5820-01Z-00-DX1.365538bf-65ff-4fcd-8862-90627484431c.svs  (325 MB)  case=TCGA-AM-5820  [b3f39a90-2d3b-4e5a-af64-a935157fd796]
   • TCGA-G4-6293-01A-01-BS1.4578aeda-29d9-4c7a-8048-416ea1b6ac1d.svs  (100 MB)  case=TCGA-G4-6293  [1a1f05dd-fa0e-49ef-82f9-9cdedbf4f432]
   • TCGA-G4-6293-01A-01-TS1.671370fc-226a-4c06-a8e1-06efd41a6ab0.svs  (75 MB)  case=TCGA-G4-6293  [fdbee900-ba9c-49fc-9639-3f2ce123872a]
   • TCGA-G4-6293-01Z-00-DX1.62ed5ed9-a79a-487a-bd6f-1f3f0571d44d.svs  (657 MB)  case=TCGA-G4-6293  [83f6ffcc-0c38-457c-b041-b19d1541ce07]
   • TCGA-D5-6898-01A-01-BS1.2f0426a1-9588-49f2-930e-63691ff1a6f9.svs  (82 MB)  case=TCGA-D5-6898  [1951186e-a12b-4925-a0fc-659ef82a16fd]
   • TCGA-D5-6898-01A-01-TS1.1a0b4bdc-e8e0-4eff-b868-4e3d2928ed14.svs  (63 MB)  case=TCGA-D5-6898  [9dc60bf5-b698-4e9c-870a-45e345ffe52d]
   • TCGA-D5-6898-01Z-00-DX1.d2c5ab3b-da4d-4fa4-b535-4339d59515e7.svs  (219 MB)  case=TCGA-D5-6898  [e4fadd85-32b8-4ac0-a5d5-8f09c5c60f1f]
   • TCGA-A6-5667-11A-01-TS1.7e4e62eb-69ab-4198-9a39-e159190fbe71.svs  (127 MB)  case=TCGA-A6-5667  [42dfdea2-1d4b-4973-8711-d5ef7646c9cb]
   • TCGA-A6-5667-01Z-00-DX1.1973b80d-b6b8-4ed8-9bc1-3aef51fbd9e6.svs  (81 MB)  case=TCGA-A6-5667  [9fc46b76-6d18-4268-9254-7476ae14f0d2]
   • TCGA-A6-5667-01A-01-BS1.ac7f2cc1-235c-4a70-9ee0-76e46d7f42b9.svs  (40 MB)  case=TCGA-A6-5667  [fcdeacbb-7200-4d10-880e-c734d759a4e4]
   • TCGA-F4-6461-01Z-00-DX1.f7da24ac-4a3c-4814-8d11-3138a954e0df.svs  (785 MB)  case=TCGA-F4-6461  [48e8fd12-2a4a-4d83-905c-bd6f602af0be]
   • TCGA-F4-6461-01A-01-BS1.904979a3-2e8f-42ef-9e36-0fdc8b7799b0.svs  (639 MB)  case=TCGA-F4-6461  [63cf7a19-85a1-4292-92fd-5344afbf8d0e]
   • TCGA-F4-6461-01A-01-TS1.6af63fab-ac32-4142-be42-0c5b9e390520.svs  (304 MB)  case=TCGA-F4-6461  [d91ccd16-1312-47f2-9e2e-002edb98e6c5]
   • TCGA-D5-6541-01A-01-TS1.75369a81-205e-4a44-8fca-48b362a0ebef.svs  (64 MB)  case=TCGA-D5-6541  [ec9df2ce-9b09-4b22-92fb-a4f1d884b7d3]
   • TCGA-CK-5916-01Z-00-DX1.726a78b1-e64f-4dd6-8f7e-e43e98f1f453.svs  (1126 MB)  case=TCGA-CK-5916  [cd316e1d-8468-4aff-aa55-685dab5f9b19]
   • TCGA-CK-5916-01A-01-TS1.315ee098-9f99-4caf-8479-76836c58fec2.svs  (75 MB)  case=TCGA-CK-5916  [58857b56-351e-4d79-bb61-c724c933eac7]
   • TCGA-AA-3869-01A-01-BS1.bdcb8a44-f5bd-4992-9885-25bccf90b2f7.svs  (143 MB)  case=TCGA-AA-3869  [885ee06e-9f9f-479c-b444-ee8db9dafa34]
   • TCGA-CA-5797-01A-01-BS1.8dd0196e-7ccd-4cfd-931a-e07bcca2babc.svs  (228 MB)  case=TCGA-CA-5797  [a426e482-5a1a-4e2c-9905-abe7aba19ee3]
   • TCGA-CA-5797-01Z-00-DX1.6549a80e-4b68-4147-949b-6149ab680313.svs  (350 MB)  case=TCGA-CA-5797  [5858e780-9a2b-4020-bc48-924d974d9344]
   • TCGA-CM-6172-01A-01-BS1.6753a609-67ab-413b-a031-88f781e1a177.svs  (179 MB)  case=TCGA-CM-6172  [20238050-38ad-4000-8c98-62b9c0d5c308]
   • TCGA-CM-6172-01Z-00-DX1.a5d23c88-a173-46a2-b8dd-6d873b8216c7.svs  (540 MB)  case=TCGA-CM-6172  [ae37fe26-235b-465b-89c2-dd3b30473da2]
   • TCGA-CM-6172-01A-01-TS1.ef78e5f3-bfa9-495b-8cbe-d95042625bd3.svs  (132 MB)  case=TCGA-CM-6172  [cb6f62e7-5eb9-4818-a530-3d3fabfe3039]
   • TCGA-AD-6963-01A-01-TS1.3998bea9-88d4-4162-bbfb-71e0cb973cc9.svs  (63 MB)  case=TCGA-AD-6963  [4d6bfc35-2be7-42ac-8727-a21eed0ea905]
   • TCGA-AD-6963-01Z-00-DX1.7df2e133-5f24-4c0a-b7f5-5a65fe3420c9.svs  (58 MB)  case=TCGA-AD-6963  [8472de58-9075-4534-b00b-3a87ba2158da]
   • TCGA-A6-A5ZU-01A-01-TS1.CB71D106-7AA7-4C4A-80EF-A8864EF658AD.svs  (169 MB)  case=TCGA-A6-A5ZU  [c862f69f-e3c4-4672-a1d0-11e453f7e80c]
   • TCGA-A6-A5ZU-01Z-00-DX1.8E7A136C-46C4-4233-A747-EBDC4F3227FB.svs  (227 MB)  case=TCGA-A6-A5ZU  [7046e623-8670-4b8e-b1da-e2b91021b520]
   • TCGA-A6-A5ZU-01Z-00-DX2.221EC8DE-4029-4ED2-8D84-95647BD39E03.svs  (713 MB)  case=TCGA-A6-A5ZU  [223b9587-088a-4fbf-a750-9ce0d51a016c]
   • TCGA-NH-A50T-01Z-00-DX1.4624B690-C0DE-42BD-852C-6EBABF40255F.svs  (1556 MB)  case=TCGA-NH-A50T  [eedce645-a8d2-4fa7-9a68-db5e96fa4920]
   • TCGA-NH-A50T-01A-01-TS1.60B98BCB-BDFE-4689-B8D3-AC52E82E021C.svs  (237 MB)  case=TCGA-NH-A50T  [7facf722-f6c1-4678-8e3c-34131249592a]
   • TCGA-F4-6808-01Z-00-DX1.c5c94635-21de-4edb-a903-4a2c914a5795.svs  (683 MB)  case=TCGA-F4-6808  [d8f3f990-3177-484e-91c5-7ecf33c82c79]
   • TCGA-F4-6808-01A-01-BS1.c55d1b4c-d90e-483c-b198-a66846f18c35.svs  (445 MB)  case=TCGA-F4-6808  [373715b1-ceec-4b5d-9348-9022b6d7e844]
   • TCGA-F4-6808-01A-01-TS1.cbdd3807-be2c-4a7b-8113-08ae266135db.svs  (383 MB)  case=TCGA-F4-6808  [c33a2788-a20d-4374-950b-c892e53e3458]
   • TCGA-AA-A01Q-01A-01-TS1.08db39ba-eccd-4573-adc5-670a7bcfa920.svs  (301 MB)  case=TCGA-AA-A01Q  [b09fdbd7-a486-4d86-8259-271542ca5a5b]
   • TCGA-AA-A01Q-01A-01-BS1.c09076fb-3518-4341-b986-113b651aa12f.svs  (173 MB)  case=TCGA-AA-A01Q  [937ae6e1-a455-4436-a2e7-d4898ed3345b]
   • TCGA-AA-A01Q-01Z-00-DX1.4432694B-F24B-4942-91FD-27DEF1D84921.svs  (2172 MB)  case=TCGA-AA-A01Q  [b984bce8-16ea-4564-8dda-c119f02020d7]
   • TCGA-5M-AAT5-01A-02-TS2.9FA3C6DB-5993-4AC3-B766-54D36297E0AA.svs  (117 MB)  case=TCGA-5M-AAT5  [081bbd6b-4dd3-49f5-ba78-ade357dacec6]
   • TCGA-5M-AAT5-01Z-00-DX1.548E7CEB-48FB-4037-A616-39AB025E7A73.svs  (2382 MB)  case=TCGA-5M-AAT5  [43d122bb-54c5-42f2-9f1e-4fbc108f4c4a]
   • TCGA-NH-A6GA-01A-01-TS1.A8427849-1BAD-40FD-9299-A2C332BDEBE5.svs  (301 MB)  case=TCGA-NH-A6GA  [e970a342-b7a0-4cbe-b0e3-49c7d70a5b91]
   • TCGA-NH-A6GA-01Z-00-DX1.33AFBF24-84BD-4E21-8A2D-A565AD3E4376.svs  (1152 MB)  case=TCGA-NH-A6GA  [8e8a9f9c-b5f9-4104-a005-35656843fd27]
   • TCGA-AA-3875-01A-01-TS1.5e338c85-2009-421d-bc89-e7cfaee0848f.svs  (44 MB)  case=TCGA-AA-3875  [4eca52a2-282c-429d-aa4f-5a0557f70a2c]
   • TCGA-AA-3875-01A-01-BS1.0b7576ba-c5e4-4d5b-9317-61ac40a5adfc.svs  (56 MB)  case=TCGA-AA-3875  [bad0f276-f482-43c2-8d01-8451581487ed]
   • TCGA-AA-3875-01Z-00-DX1.016712a0-4226-4086-857c-3d6d85f186e3.svs  (221 MB)  case=TCGA-AA-3875  [88a6a5e3-0bd3-4d18-82de-2c4186e7175a]
   • TCGA-A6-2671-01A-01-TS1.79a30fac-81ad-4c1f-8a1f-5e649afe275d.svs  (150 MB)  case=TCGA-A6-2671  [fadae9ce-9ac4-42e2-a5cf-1595832ed45b]
   • TCGA-A6-2671-01A-01-BS1.2aff694f-fd2f-4f61-b97e-e7346b2c77fa.svs  (123 MB)  case=TCGA-A6-2671  [45c1c136-7e58-4392-8a5e-6aa376126ecf]
   • TCGA-A6-2671-01Z-00-DX1.13d1a0d9-78cd-4cfc-b670-34a79ebe52ee.svs  (155 MB)  case=TCGA-A6-2671  [e45b588f-c7db-4cea-a78c-bfecd1a46da6]
   • TCGA-A6-2671-11A-01-TS1.f8122238-e900-407d-b9f8-a1d7ba677bb0.svs  (116 MB)  case=TCGA-A6-2671  [d0d5559e-0298-41a5-aadc-5e1c16e03c34]
   • TCGA-DM-A1HA-01A-01-TSA.d34873dc-f183-4550-81b2-1d087260f824.svs  (228 MB)  case=TCGA-DM-A1HA  [a82cb053-7c3a-44fb-8da5-9f241e8e11bc]
   • TCGA-DM-A1HA-01Z-00-DX1.E56FC26A-DDB9-4121-9E79-5009FB23CCEB.svs  (1258 MB)  case=TCGA-DM-A1HA  [db59d95f-12ab-4633-84b9-5a535bba48aa]
   • TCGA-CM-4747-01A-01-TS1.3e076efb-42b1-437b-8544-b41f48af02fc.svs  (555 MB)  case=TCGA-CM-4747  [9cd57533-a302-48ac-becb-c136cab73ee1]
   • TCGA-CM-4747-01A-01-BS1.a92ba2f0-ef31-4838-902a-5055ec7743bf.svs  (643 MB)  case=TCGA-CM-4747  [00ee3f20-b3de-403f-b3fd-0b703b683075]
   • TCGA-CM-4747-01Z-00-DX1.e0fac451-1322-464e-b718-174e9db33f39.svs  (528 MB)  case=TCGA-CM-4747  [2efd0746-94de-4e08-b7f9-e9babfeb84c3]
   • TCGA-AA-3982-01A-02-BS2.57cdc806-5cbb-4588-a765-4a81adf57dae.svs  (60 MB)  case=TCGA-AA-3982  [abf51307-24e9-4688-a9f6-045dc456aec9]
   • TCGA-CK-5914-01A-01-BS1.42abaf5f-e186-4d1f-8584-be7535d51e2e.svs  (75 MB)  case=TCGA-CK-5914  [b70961eb-b943-4aa1-a4f4-92246b73b13e]
   • TCGA-CK-5914-01A-01-TS1.b98556da-d217-4a47-8e7d-9aefa0fd22a6.svs  (57 MB)  case=TCGA-CK-5914  [9131c177-388f-4354-86cf-3913ef3f8adb]
   • TCGA-A6-6141-01A-01-TS1.8e096d37-e0d0-4c36-9238-939ebc41efbc.svs  (146 MB)  case=TCGA-A6-6141  [9f1c2e2d-77a7-468e-b712-d5abd3dacb56]
   • TCGA-CM-5864-01Z-00-DX1.2cb87875-6cae-4d8e-9c93-4a83941c0ca9.svs  (778 MB)  case=TCGA-CM-5864  [57c2d0c6-5dfa-4c95-982c-6c189d9b9ad6]
   • TCGA-CM-5864-01A-01-BS1.2a0fb425-49e7-40cc-ac61-51cbb4bf2583.svs  (431 MB)  case=TCGA-CM-5864  [806710fc-ca9f-4e4f-a1b2-ddeca42918a8]
   • TCGA-D5-6931-01A-01-TS1.4c37e37a-7a2b-458e-8225-73fb5db75af5.svs  (83 MB)  case=TCGA-D5-6931  [08954163-06d4-42e2-9a34-fd0ed30c2794]
   • TCGA-A6-6141-01A-01-BS1.d219ce88-4616-4737-9f31-4d029d013ce3.svs  (179 MB)  case=TCGA-A6-6141  [f7553a67-f944-4915-80f6-9238aa50dd57]
   • TCGA-D5-6931-01A-01-BS1.db378743-dafb-41fe-9000-6165bae3e83b.svs  (96 MB)  case=TCGA-D5-6931  [ab4415bb-7236-4584-9017-74f2a0963633]
   • TCGA-CK-4948-01B-01-TS1.da4933f9-ebbf-4c89-b9e1-7a196f6d3680.svs  (121 MB)  case=TCGA-CK-4948  [f858d4c6-b623-4bd3-9c3f-91425ea79434]
   • TCGA-CK-4948-01Z-00-DX1.cd6ecbec-9136-4ce7-9a96-eb1ac975b30f.svs  (525 MB)  case=TCGA-CK-4948  [ca9a9065-36d2-4cbe-83a3-4bf13e297e91]
   • TCGA-CK-4948-01B-01-BS1.0b234f2d-0516-405b-b613-980029676e21.svs  (32 MB)  case=TCGA-CK-4948  [9c5c56a9-753a-45bc-b2d7-669b92adcc9b]
   • TCGA-AA-3520-01A-01-BS1.5e44e736-a5ec-475e-bcef-92a69b4cf6a6.svs  (95 MB)  case=TCGA-AA-3520  [d0f8d843-bf85-412b-9e08-8eb8b7f5aeb7]
   • TCGA-AA-3520-11A-01-TS1.bcc77fff-707e-4bda-8bdd-ca31bdf777bf.svs  (59 MB)  case=TCGA-AA-3520  [e39494ea-6021-4e8e-990b-362859481cca]
   • TCGA-AA-3520-01A-01-TS1.eae96cf9-46e2-4eb0-b43f-15bcd3337d0b.svs  (74 MB)  case=TCGA-AA-3520  [6c93eed6-bbf7-4b4f-9998-2badbf8f9582]
   • TCGA-AA-3520-01Z-00-DX1.3e2b41c2-eb21-4f68-8946-92b59cc1f969.svs  (187 MB)  case=TCGA-AA-3520  [b2e3452c-dc6b-4b67-b12a-6c9c1925242e]
   • TCGA-RU-A8FL-01A-01-TSA.3743238D-C8AE-49A3-B5C9-3B18C1B64964.svs  (178 MB)  case=TCGA-RU-A8FL  [107744f6-599e-4329-b368-342070c3a214]
   • TCGA-AM-5821-01A-01-BS1.81033cd1-2a1b-4063-84d3-ffb890ddb38e.svs  (153 MB)  case=TCGA-AM-5821  [68c0b143-260b-471c-ae76-18ead21c8780]
   • TCGA-AM-5821-01Z-00-DX1.0851bd43-6c23-4db3-a50a-7c9fb5080150.svs  (413 MB)  case=TCGA-AM-5821  [9ed5b8f5-f800-46b3-b5db-252bf79c2890]
   • TCGA-AM-5821-01A-01-TS1.8d33693e-70b3-43cc-bda7-df40fe949b1e.svs  (114 MB)  case=TCGA-AM-5821  [87a3590a-95d7-4c31-937e-3c531a789c9b]
   • TCGA-AA-A00F-01A-01-BS1.da68f37b-90ec-4015-a687-45e92bb721d4.svs  (215 MB)  case=TCGA-AA-A00F  [2aa307c7-f3f7-4b66-9ccc-c955ab23bc1e]
   • TCGA-NH-A8F7-06A-03-TS3.4E55FEA8-C450-4AEC-8604-403EB69C7A6E.svs  (196 MB)  case=TCGA-NH-A8F7  [7f6cc7b0-7a72-4641-bd38-f8266f64f9f0]
   • TCGA-NH-A8F7-01A-01-TS1.0794C443-D843-4C7F-96F8-2BDD4A507C02.svs  (320 MB)  case=TCGA-NH-A8F7  [178e045b-6e28-485b-bee6-e230efa6d4b9]
   • TCGA-NH-A8F7-01Z-00-DX1.5CB8911D-07C3-4EF2-A97D-A62B441CF79E.svs  (1097 MB)  case=TCGA-NH-A8F7  [775c999e-8aaa-4c3a-aed5-af619532866d]
   • TCGA-D5-6929-01A-03-BS3.03dcb4ea-86d6-4ce1-a090-605836f72f99.svs  (51 MB)  case=TCGA-D5-6929  [2de96984-aa33-4ced-81b9-34f3cb261f43]
   • TCGA-D5-6929-01A-02-BS2.64f9242e-4879-4d14-930f-06a1eb137978.svs  (55 MB)  case=TCGA-D5-6929  [502a7a68-cfb9-4ad9-86b3-73d9ff556572]
   • TCGA-D5-6929-01Z-00-DX1.5e555bba-87b2-440c-b6d4-e6fec3f7bf3a.svs  (1130 MB)  case=TCGA-D5-6929  [372f70b7-4525-4b76-8f0d-33f3e0a190fe]
   • TCGA-AZ-6607-01A-01-BS1.e51713de-533f-4064-87c5-457f41786b3d.svs  (176 MB)  case=TCGA-AZ-6607  [e76e100a-d17b-4803-b843-eb303f3e8e05]
   • TCGA-AZ-6607-11A-01-TS1.2e0e2b4a-5666-4d24-85da-5fdc13e84acc.svs  (236 MB)  case=TCGA-AZ-6607  [5dd4eb17-4131-4b3b-8fa8-9f3c40f7a94a]
   • TCGA-AZ-6607-01A-01-TS1.60cdae13-46ba-4979-b766-abf1ba74a43a.svs  (198 MB)  case=TCGA-AZ-6607  [d8d3df86-5adc-42ba-866a-a2f6ea32487e]
   • TCGA-AZ-6607-01Z-00-DX1.b0a25161-7e13-42d6-9271-ecc5ecce2232.svs  (865 MB)  case=TCGA-AZ-6607  [45847d26-d445-4bcd-a9c8-5beb47cc5f8f]
   • TCGA-CA-5796-01A-01-BS1.72559471-9955-417d-90f7-4b457561d0e6.svs  (223 MB)  case=TCGA-CA-5796  [def5de96-1e0e-4de1-b8e7-60578a67229f]
   • TCGA-CA-5796-01A-01-TS1.1cbd4750-be52-41b7-82b5-acb536975868.svs  (209 MB)  case=TCGA-CA-5796  [ae7a16e0-eea8-4cf2-9e3e-26407c8dca74]
   • TCGA-CA-5796-01Z-00-DX1.88141789-4240-4ab7-8db1-e4cb7ee1ebda.svs  (727 MB)  case=TCGA-CA-5796  [05d5bb0d-6a62-4967-92c0-f4e9bc53a0b4]
   • TCGA-AA-3494-01Z-00-DX1.E275AF20-3AA7-4191-BD1F-FFE744CA6A2F.svs  (9 MB)  case=TCGA-AA-3494  [b6c0ea5f-32d3-4210-b85b-9cb435e8167e]
   • TCGA-AA-3494-01A-01-TS1.1ef22b7c-af36-4f11-a898-025ba1f46d93.svs  (24 MB)  case=TCGA-AA-3494  [baff13b5-8c4a-4209-8495-df79306afeed]
   • TCGA-AA-3488-01A-01-TS1.c745bedc-2dee-4ecf-bb2b-fa4086e305bc.svs  (36 MB)  case=TCGA-AA-3488  [30f01f7f-396f-4c08-83f9-9f1ad796ce48]
   • TCGA-AA-A02H-01A-03-BS3.6d5f47a1-855b-457e-82b6-bd943c36fbe8.svs  (250 MB)  case=TCGA-AA-A02H  [d36e2ef0-5b54-4bf0-8783-5dede06a1c1c]
   • TCGA-AA-A02H-01A-03-MS3.b6bd9034-c395-4256-b3a7-aa337dc6ee6e.svs  (412 MB)  case=TCGA-AA-A02H  [d5610032-88a9-403c-bbf2-b68f96dca960]
   • TCGA-AA-3488-01Z-00-DX1.EDF60198-F7AB-45BB-9A1B-C2E2FA141989.svs  (8 MB)  case=TCGA-AA-3488  [b8085eff-8407-4fd5-b2ba-70fa649aa07d]
   • TCGA-AA-A02H-01A-01-BS1.4a22c6cb-1222-4b9e-b884-85dd469be4b1.svs  (261 MB)  case=TCGA-AA-A02H  [6ffcfd58-e0fb-4044-ac5b-7ba0835afa2b]
   • TCGA-AA-A01G-01Z-00-DX1.8A288E53-BA38-4BAC-81B5-2E0E41EA0D85.svs  (368 MB)  case=TCGA-AA-A01G  [6d30682e-a80b-4554-8b77-16f3ffd5314f]
   • TCGA-AA-A01G-01A-01-BS1.c1fceaeb-50d6-4b2e-9160-d7053b67cbd3.svs  (78 MB)  case=TCGA-AA-A01G  [78bdaa19-90f5-46d9-b2b2-b5882ccd1720]
   • TCGA-AA-A01G-01A-01-TS1.2118f70a-7165-49a2-a66d-df105113755f.svs  (132 MB)  case=TCGA-AA-A01G  [fb3ec7fb-cc23-45f4-8173-19f0e290a323]
   • TCGA-AA-3852-01A-01-BS1.521ec155-c5a8-417c-bcc6-6e7b3621f78d.svs  (99 MB)  case=TCGA-AA-3852  [ad845c11-5b6e-43fb-aa75-bf4c25a0b620]
   • TCGA-AY-4070-01A-01-BS1.1fae4796-c4ba-41cf-ae31-52b846b76434.svs  (40 MB)  case=TCGA-AY-4070  [479c6008-b8c6-4e93-94b7-083bb27f7fbd]
   • TCGA-AY-4070-01Z-00-DX1.dd650ac6-8480-4fd8-85b8-15a7840a5933.svs  (70 MB)  case=TCGA-AY-4070  [021821c9-68f3-4be3-97ec-4ade5b4aaa60]
   • TCGA-A6-A56B-01A-03-TS3.E2D5A97A-DFC0-4FED-9104-86A69A041D7C.svs  (162 MB)  case=TCGA-A6-A56B  [575cde51-de80-4e07-9ccd-de4544de5ade]
   • TCGA-A6-A56B-01Z-00-DX1.52FE9FA5-05F1-49EA-98BE-887CF7B3A52F.svs  (655 MB)  case=TCGA-A6-A56B  [13943a8e-e3d3-4db4-9000-bc3a16666b56]
   • TCGA-AA-A02R-01Z-00-DX1.B332C84C-EE97-4855-B773-9B5CBFA45096.svs  (748 MB)  case=TCGA-AA-A02R  [8e58762c-e960-4319-b329-09ea285fc8c1]
   • TCGA-AA-A02R-01A-02-BS2.3a3bda2c-75db-4d53-ac02-3f5d6d4c44aa.svs  (972 MB)  case=TCGA-AA-A02R  [d87fc3f0-9a7d-4e4b-8c61-1d36864b4800]
   • TCGA-AA-A02R-01A-01-TS1.d703aa8d-cc3c-4ea4-b2c7-84194e304d0b.svs  (199 MB)  case=TCGA-AA-A02R  [854f1369-094e-432e-a954-da843c510f66]
   • TCGA-CK-6747-01Z-00-DX1.7824596c-84db-4bee-b149-cd8f617c285f.svs  (802 MB)  case=TCGA-CK-6747  [2d961af6-9f08-4db7-92b2-52b2380cd022]
   • TCGA-DM-A0X9-01A-01-TS1.ffc92035-efdd-40fa-be3b-dd112ba964be.svs  (167 MB)  case=TCGA-DM-A0X9  [56c51708-659e-4b6a-a266-4a5e40432aee]
   • TCGA-DM-A0X9-01Z-00-DX1.C7FC2C17-12CC-4F10-B54F-7C29379D834E.svs  (1448 MB)  case=TCGA-DM-A0X9  [d226ff07-fec0-4d46-b55d-9a5a1d2c90e6]
   • TCGA-CM-6679-01A-01-BS1.a8fd2ba6-f935-4c23-a3fc-685f7f230489.svs  (240 MB)  case=TCGA-CM-6679  [36b62090-58e5-4055-a49c-c7c947a23c68]
   • TCGA-AA-3841-01Z-00-DX1.10f98d09-027f-4495-9ad8-7c8dc49a07d7.svs  (369 MB)  case=TCGA-AA-3841  [eef92134-10aa-4c76-9cbb-5f721b9b39e6]
   • TCGA-AA-3841-01A-01-TS1.668b4bfe-468a-4517-90d4-601fd9395621.svs  (70 MB)  case=TCGA-AA-3841  [8a45e120-8fbd-4775-a4af-2becece5ffb7]
   • TCGA-AA-3841-01A-01-BS1.f31ab5eb-febf-48f1-89ec-8e1b200d6771.svs  (62 MB)  case=TCGA-AA-3841  [f7e13c6d-2db9-4e4f-8eae-6a731005af24]
   • TCGA-WS-AB45-01A-01-TS1.1C4317EE-8703-4C6A-B585-5940437D4AEA.svs  (331 MB)  case=TCGA-WS-AB45  [ac087280-2a2d-4904-bc09-462de4c333ad]
   • TCGA-AZ-5403-01A-01-BS1.4ab641eb-84bd-43c4-a8e3-b8fa8a3e9ae5.svs  (12 MB)  case=TCGA-AZ-5403  [90852057-55a3-4c4d-82c7-9226693cc175]
   • TCGA-AA-3941-01A-01-BS1.dffd5264-fc5b-4bbd-831a-8f09957e0224.svs  (43 MB)  case=TCGA-AA-3941  [ef0c80b3-b0e0-4af5-a968-55fbbd5d69f3]
   • TCGA-AZ-5403-01A-01-TS1.52f83f14-e748-4607-a3c1-21764f54d0f2.svs  (14 MB)  case=TCGA-AZ-5403  [6b2ba0b1-f514-482d-8df8-eee14c1eefa2]
   • TCGA-AA-3502-11A-01-TS1.6b2b252f-1e09-43e8-b7db-0648d97c610f.svs  (49 MB)  case=TCGA-AA-3502  [36d7d102-3318-4196-ad51-7f733d01c204]
   • TCGA-DM-A28E-01A-01-TSA.A71026CE-2624-4A9F-B662-429ECFC3B6F8.svs  (171 MB)  case=TCGA-DM-A28E  [fa970b4b-0b36-468d-bae9-8e20bf7335e9]
   • TCGA-AZ-6605-01A-01-TS1.10873598-d3aa-497a-9b92-afb6af123e32.svs  (44 MB)  case=TCGA-AZ-6605  [2e3013b1-0ec5-4134-a86f-8bfea534b9e7]
   • TCGA-A6-3809-01Z-00-DX1.c26f03e8-c285-4a66-925d-ae9cba17d7b3.svs  (165 MB)  case=TCGA-A6-3809  [4c4f4942-530b-4043-84b9-785b4b3e9dba]
   • TCGA-AA-A01I-01A-02-BS2.f7200cc6-efe3-4a18-8cea-589e573b674b.svs  (92 MB)  case=TCGA-AA-A01I  [14123e35-8dfe-4722-8423-67683f2c614e]
   • TCGA-CK-6748-01A-01-BS1.4f8482b8-84d9-40ef-90dc-31a8c090e940.svs  (60 MB)  case=TCGA-CK-6748  [a8829d0b-614b-45cf-8595-9913a5ccbe9f]
   • TCGA-A6-6780-01B-03-BS3.F85B81C8-28A6-4370-8BCA-C5B7B80140F5.svs  (255 MB)  case=TCGA-A6-6780  [2cf661fd-b711-4834-9b52-2c233be7b4ef]
   • TCGA-4N-A93T-01A-01-TS1.9258D514-40C1-480A-8FA8-D4E8B3819BDE.svs  (166 MB)  case=TCGA-4N-A93T  [3d5b734e-b250-4a79-bd2b-54ca88b8e698]
   • TCGA-4N-A93T-01Z-00-DX2.875E7F95-A6D4-4BEB-A331-F9D8080898C2.svs  (1521 MB)  case=TCGA-4N-A93T  [68f65912-47da-44b1-8f4c-a6107428fba6]
   • TCGA-A6-6780-01A-01-TS1.af263fc5-1c06-48cb-b9cb-b261598cf936.svs  (134 MB)  case=TCGA-A6-6780  [d4c3002e-7042-44a9-b4bb-593b2320754d]
   • TCGA-CK-6748-01A-01-TS1.6b2b782d-8d26-44ef-ac8a-50bb87cb4f04.svs  (44 MB)  case=TCGA-CK-6748  [d0302a05-4dc0-4396-babe-0178ee63516e]
   • TCGA-D5-5541-01Z-00-DX1.2cd0a69e-879e-47aa-8035-1f9732ec4760.svs  (626 MB)  case=TCGA-D5-5541  [3df01e75-ed41-46d9-bfd7-e09f1e935810]
   • TCGA-D5-5541-01A-01-TS1.d53bd8ab-315f-4db6-ae78-44b9a05fc9d8.svs  (61 MB)  case=TCGA-D5-5541  [ec6267cc-a984-4972-a951-73e02b7ecdb3]
   • TCGA-NH-A50U-01A-03-TS3.C6099622-D556-42EF-AC68-E99120058977.svs  (304 MB)  case=TCGA-NH-A50U  [5212dee7-6b9a-484a-89be-2c0d2eeca914]
   • TCGA-D5-6538-01A-01-BS1.743464fe-dec6-445d-8fed-6564ddc53374.svs  (57 MB)  case=TCGA-D5-6538  [daaa84e6-9207-433f-9fe9-82ea0e82525f]
   • TCGA-D5-6535-01A-01-TS1.80ddc577-c069-4b40-ae29-c19a2ff135c2.svs  (52 MB)  case=TCGA-D5-6535  [1ce9868a-e566-46ac-a9ef-838498b57c2a]
   • TCGA-D5-6535-01Z-00-DX1.0d7485ff-cf98-4c86-8a61-c7364f41b8b0.svs  (763 MB)  case=TCGA-D5-6535  [064f3779-aeb1-4be1-9b86-76edc95a5c28]
   • TCGA-D5-6535-01A-01-BS1.c9ea7473-b666-4863-ab40-79c7ebc1568a.svs  (71 MB)  case=TCGA-D5-6535  [aa878d92-9aa4-46e6-aad8-eb6c17db0cdb]
   • TCGA-AA-A02Y-01Z-00-DX1.D1EE29E8-A27E-4035-807B-324A63239116.svs  (742 MB)  case=TCGA-AA-A02Y  [ce04c99c-0acd-4b24-b385-fbb400528285]
   • TCGA-AA-A02Y-01A-04-BS4.a958d556-cd4f-4b7c-b824-aae42c7a5e2b.svs  (413 MB)  case=TCGA-AA-A02Y  [ba455b75-1485-4b2e-a49d-f4fab4ff1090]
   • TCGA-AA-A02Y-01A-04-TS4.f27c27a2-d628-48f1-bc7e-6f6f2df37862.svs  (635 MB)  case=TCGA-AA-A02Y  [e4404704-84eb-4eca-bb82-7b641eed142d]
   • TCGA-5M-AATE-01A-01-TS1.900EF8FE-361C-4C61-8761-328026D2F627.svs  (128 MB)  case=TCGA-5M-AATE  [fd9cb538-c051-4bac-8025-194d8e867f6c]
   • TCGA-5M-AATE-01Z-00-DX1.483FFD2F-61A1-477E-8F94-157383803FC7.svs  (2635 MB)  case=TCGA-5M-AATE  [5ad0faff-3ea0-46da-8b6b-a7c70d61fbec]
   • TCGA-D5-6927-01Z-00-DX1.ff21d627-dbb8-4200-937b-f8be8b86b6d4.svs  (232 MB)  case=TCGA-D5-6927  [cc712259-7cd4-4d5c-968e-8101e6430885]
   • TCGA-DM-A0XD-01A-01-BS1.b473540d-ccce-48a9-a53c-6389f6b97151.svs  (191 MB)  case=TCGA-DM-A0XD  [17db9fa9-c88a-4fbb-8b3d-d6b774752373]
   • TCGA-CM-6677-01Z-00-DX1.e3428c0a-a194-4e38-b105-8244701fcc71.svs  (989 MB)  case=TCGA-CM-6677  [25e4ffbf-32ed-407c-ac26-fcd5aa122e52]
   • TCGA-DM-A0XD-01Z-00-DX1.DAFA56D4-85CB-4FB1-B5BB-E993CA522FF8.svs  (256 MB)  case=TCGA-DM-A0XD  [5630d41c-57aa-4049-b4d5-a2a7b84b7b4a]
   • TCGA-CM-6677-01A-01-TS1.bb146e73-6a40-43d4-a3bd-17924f0f575f.svs  (247 MB)  case=TCGA-CM-6677  [93f4fbdd-ab1c-4ebc-a4bc-f7353acd3521]
   • TCGA-AZ-6598-11A-01-TS1.e8657fd7-2bfc-42cd-95c3-b63a7d68dfe1.svs  (426 MB)  case=TCGA-AZ-6598  [ace87db5-05fc-4d13-b8ca-f764dfdb8e8a]
   • TCGA-AA-3696-01A-01-TS1.5b0bd59d-f4ab-4cc0-b323-8b4414b67ff2.svs  (67 MB)  case=TCGA-AA-3696  [5f1b9f8a-647f-4baf-8d6c-cb1a5a16b361]
   • TCGA-AA-A01K-01A-01-MS1.74687f46-a7cd-4187-b917-a11d4936c5d1.svs  (332 MB)  case=TCGA-AA-A01K  [fc2bd6d1-62df-40f1-a9ec-9fe8244abb5f]
   • TCGA-D5-6532-01Z-00-DX1.a28f2969-31ae-408f-99f5-5428e183e123.svs  (884 MB)  case=TCGA-D5-6532  [f3e1b482-623f-473b-961f-e8ed85dea2c0]
   • TCGA-AA-A017-01Z-00-DX1.E7B1384E-3C57-4CE5-B85E-3B8FD328B5A2.svs  (541 MB)  case=TCGA-AA-A017  [a8b0f094-f4cc-42d0-9168-41b5691765ff]
   • TCGA-AA-A017-01A-01-MS1.03861496-00c2-4c67-a8f2-e6fabd16e61f.svs  (160 MB)  case=TCGA-AA-A017  [357db661-0a5a-4790-8bc4-d7a0763a2601]
   • TCGA-AA-A017-01A-01-TS1.ee6a86b2-4a1e-4b92-863e-e68589fd82be.svs  (93 MB)  case=TCGA-AA-A017  [d13aa105-206b-4c82-9199-31c4fe5a3527]
   • TCGA-AY-A69D-01Z-00-DX1.94582A46-7470-4265-8371-23BC246431EE.svs  (605 MB)  case=TCGA-AY-A69D  [477a0c14-bb53-4ef1-9441-d303aafb92dd]
   • TCGA-CM-5348-01Z-00-DX1.2ad0b8f6-684a-41a7-b568-26e97675cce9.svs  (713 MB)  case=TCGA-CM-5348  [dd4e7430-4e6a-4f87-b857-bab4438051ff]
   • TCGA-AA-3489-11A-01-TS1.1ebabf26-ffdf-436b-82d7-1701d113da2a.svs  (98 MB)  case=TCGA-AA-3489  [6471dda9-424b-4409-a1b8-6d8f0637e5fe]
   • TCGA-AA-3489-01Z-00-DX1.AE299B70-B14C-4FFE-B1F9-38B2EB267FA9.svs  (7 MB)  case=TCGA-AA-3489  [35c1e23c-8adb-4a7f-865f-be1d6e10b3ef]
   • TCGA-CM-4746-01A-01-BS1.c616c706-64c5-4081-82f7-9dfc0d82fd3e.svs  (222 MB)  case=TCGA-CM-4746  [3958388a-653d-449b-b3bb-268375a323de]
   • TCGA-AA-3489-01A-02-BS2.91326319-4cbb-4520-a06e-7ead1ee4fc92.svs  (64 MB)  case=TCGA-AA-3489  [c27f8602-6790-4dc7-a660-d395c0b3c571]
   • TCGA-AA-3517-01Z-00-DX1.dac0f9a3-fa10-42e7-acaf-e86fff0829d2.svs  (312 MB)  case=TCGA-AA-3517  [deaaac57-4ce2-417d-8f5b-ecd9d3303f94]
   • TCGA-AA-3517-01A-01-BS1.d5e7c970-c7e2-4770-b598-ae763cb7b689.svs  (120 MB)  case=TCGA-AA-3517  [bf00f36d-e208-4a18-9720-23ffbf327ca4]
   • TCGA-AA-3517-11A-01-TS1.b2204d3a-816b-48f0-97eb-1e64c8219214.svs  (101 MB)  case=TCGA-AA-3517  [ed0e7509-8fea-480f-97eb-c3a1629996ae]
   • TCGA-F4-6806-01A-01-TS1.0520d1b6-05be-4b9a-8734-397fa7e74f29.svs  (261 MB)  case=TCGA-F4-6806  [0e484afb-9d39-4b12-8a79-6e47ef541f0c]
   • TCGA-AA-3517-01A-01-TS1.0f7ff349-2fc5-48fd-a8a8-6eb74a23ee26.svs  (70 MB)  case=TCGA-AA-3517  [3d647406-c436-457d-bc40-089ffe29d405]
   • TCGA-AA-3518-01A-02-BS2.01bd0e42-1a18-4989-8763-eec89a7b9199.svs  (143 MB)  case=TCGA-AA-3518  [a12a71e8-194f-4925-ae61-2965aeeb30fa]
   • TCGA-AA-3518-11A-01-TS1.e323dc2a-d2a6-4e7a-86d4-265943170a71.svs  (75 MB)  case=TCGA-AA-3518  [4df97024-2111-4a39-8949-b1c7c6de61b4]
   • TCGA-AA-3518-01A-01-BS1.9713a8ec-3319-4f91-9a8c-6635a4ac414e.svs  (151 MB)  case=TCGA-AA-3518  [946be7e8-ea0a-4971-bdf3-9eb8899d13d0]
   • TCGA-AA-3831-01A-01-TS1.4b07ed6e-eba2-4b31-9091-f0794ea5f293.svs  (53 MB)  case=TCGA-AA-3831  [c22f1879-94ce-4429-a581-57acc8264ff6]
   • TCGA-AA-3678-01Z-00-DX1.4bc052e9-e5b0-4328-afe5-8d19fd2c386c.svs  (139 MB)  case=TCGA-AA-3678  [b9afc2c7-c1eb-4bdd-b883-6f4423528c36]
   • TCGA-D5-6924-01A-01-TS1.5f32eb38-79cc-474e-a84c-043aa5a25ca8.svs  (61 MB)  case=TCGA-D5-6924  [92af1288-8b54-4153-956e-92824dc70661]
   • TCGA-AA-A00R-01A-01-TS1.787cabcb-4e9b-48ae-a778-706b23f9f92f.svs  (161 MB)  case=TCGA-AA-A00R  [d411c2d9-be5b-41b5-a7ad-0bc2a43d99fa]
   • TCGA-AA-3968-01A-01-BS1.f4bb9be1-4693-41a5-9c32-8abfa054ad72.svs  (123 MB)  case=TCGA-AA-3968  [c1707a5b-9667-477f-9ae9-7cafe8458c5d]
   • TCGA-A6-6142-01A-01-BS1.1a11f42a-0262-48f3-92f1-908b51f82752.svs  (43 MB)  case=TCGA-A6-6142  [1cea6d8f-b40f-430b-b766-e16dbea57527]
   • TCGA-CM-4743-01A-01-BS1.d11d0a14-b3a7-4e66-8dc1-dade356b9171.svs  (550 MB)  case=TCGA-CM-4743  [b856ddea-3f00-4291-ad7a-593d161922d8]
   • TCGA-CM-4743-01A-01-TS1.549e7f47-bb93-43d1-8835-9db9564a1d8a.svs  (293 MB)  case=TCGA-CM-4743  [32681929-dd40-43b1-aee1-aab15aab7e20]
   • TCGA-CM-4743-01Z-00-DX1.f54a6355-5623-498c-96b9-2ff1de6576c6.svs  (1180 MB)  case=TCGA-CM-4743  [fbde56ab-b131-436e-8a6d-24c1e05217ca]
   • TCGA-AA-A01Z-01A-01-BS1.f59f86e6-96bd-4f5f-a80a-eab819ffa3df.svs  (80 MB)  case=TCGA-AA-A01Z  [9b9fb8f7-b21b-497b-ab32-29bcd0324ff7]
   • TCGA-CM-6167-01A-01-TS1.e6f06646-d44e-42bc-a603-3287184b17cb.svs  (151 MB)  case=TCGA-CM-6167  [a9ee011d-0b98-49e0-bc08-3123a9a4c24f]
   • TCGA-AA-A02F-01A-02-BS2.7ad39387-9403-4a2a-b70d-8908d905ac55.svs  (297 MB)  case=TCGA-AA-A02F  [1ad87283-91c0-4921-bd6c-1920a5f7beac]
   • TCGA-NH-A50V-01A-01-TS1.95232CAD-989A-4F66-82F5-49DCA9B8DA87.svs  (87 MB)  case=TCGA-NH-A50V  [4ea9bb2f-0557-4edb-a653-5abaea777518]
   • TCGA-NH-A50V-01Z-00-DX1.408BA0A6-E569-4464-A8CB-D6553A4DF9E0.svs  (1435 MB)  case=TCGA-NH-A50V  [21b6d67b-524b-4172-a741-32790e6d9742]
   • TCGA-A6-5657-01A-01-BS1.d12864ba-ee04-46d4-8e00-31833350acb3.svs  (144 MB)  case=TCGA-A6-5657  [0e6a88e3-bd9d-4cf8-9603-3b9c9f30f201]
   • TCGA-A6-5657-01Z-00-DX1.d0cab3dd-8758-4a3e-8bb2-7cd9411dbeb6.svs  (178 MB)  case=TCGA-A6-5657  [03d1d2c0-b00c-4b48-af63-70ca7300ed15]
   • TCGA-AA-3534-11A-01-TS1.ddc817cf-139a-45ae-bac1-7935c9400583.svs  (56 MB)  case=TCGA-AA-3534  [ab5c91fa-c9b5-45ef-abaa-f0ddb675eaf8]
   • TCGA-G4-6295-01A-01-BS1.c06d3de2-a7fa-4d03-a9f9-020ce9b6db94.svs  (170 MB)  case=TCGA-G4-6295  [5b709af9-56a3-49e5-a9ca-220abe01e6fc]
   • TCGA-G4-6295-01Z-00-DX1.9e7ae22f-daac-42cb-a879-bcf505d1c725.svs  (641 MB)  case=TCGA-G4-6295  [c177e031-8d19-4ca1-939d-efac58cf9e87]
   • TCGA-G4-6295-11A-01-TS1.d7c43f5d-7c84-42b5-a0ca-61021e0c5b04.svs  (101 MB)  case=TCGA-G4-6295  [db97d2e0-e0d7-4da4-86df-e7bf042859c1]
   • TCGA-AA-3685-01Z-00-DX1.57ef312b-70e0-46f5-b847-0e0ac32f1824.svs  (324 MB)  case=TCGA-AA-3685  [f94393a0-f0a4-44bb-9350-417c63cba839]
   • TCGA-AA-A02F-01A-01-TS1.6ff392db-fa0d-47cf-ad4a-4ea2a1f9a2d7.svs  (242 MB)  case=TCGA-AA-A02F  [a9378edf-1d5c-46e9-83a8-a70890beaa90]
   • TCGA-NH-A6GB-01A-01-TS1.5E7A25DE-A80A-4596-B360-E4BF138714AF.svs  (163 MB)  case=TCGA-NH-A6GB  [c52f1ac5-1c0b-4fa9-839b-c77f7d548968]
   • TCGA-DM-A1D9-01A-01-TSA.903a234f-541f-4faf-ac87-71fc125801af.svs  (278 MB)  case=TCGA-DM-A1D9  [eda73400-2276-4832-b172-b0d886622124]
   • TCGA-DM-A1D9-01Z-00-DX1.C286F663-142A-4F8E-BFCD-56E33F73F7E8.svs  (1050 MB)  case=TCGA-DM-A1D9  [5a2d15f8-078a-41df-9610-63a7ce6b1195]
   • TCGA-AZ-4682-01Z-00-DX1.abca2345-ed4a-4f64-af1d-0e60f81b1288.svs  (536 MB)  case=TCGA-AZ-4682  [a42f83a9-22ec-4666-8147-a72df2cdb033]
   • TCGA-AZ-4682-01B-01-TS1.9ac4cc03-444f-4b66-958e-f1289ca5a2f8.svs  (170 MB)  case=TCGA-AZ-4682  [2603e9e1-314f-48f9-8072-5e2e3eec90aa]
   • TCGA-AA-A00N-01Z-00-DX1.79D0A833-8411-486B-9BED-7B5E203D02F2.svs  (407 MB)  case=TCGA-AA-A00N  [b47a7445-1a54-41ed-940e-bebccd87288f]
   • TCGA-A6-2685-01A-01-BS1.879c78e1-fd95-489b-86b7-25230677cf45.svs  (174 MB)  case=TCGA-A6-2685  [92dc1785-e7bc-4058-89b1-edc668c08643]
   • TCGA-A6-2685-01Z-00-DX1.c69e23f4-34c9-41ff-a037-44bf7bbf33cd.svs  (416 MB)  case=TCGA-A6-2685  [9d4f11ce-4e20-4e4f-92c6-cd039ca7973d]
   • TCGA-D5-6531-01Z-00-DX1.32241731-5890-424e-96d5-b897e770f03c.svs  (503 MB)  case=TCGA-D5-6531  [f6109ea3-6f3e-477d-9353-c08dcce93454]
   • TCGA-A6-2685-01A-01-TS1.907e1fbe-df61-4e45-af24-b5afe09d854c.svs  (196 MB)  case=TCGA-A6-2685  [7174fab1-dcdc-4164-9332-3509e73c8acd]
   • TCGA-DM-A282-01A-01-TSA.609FB004-2B1B-4C1D-8289-1C27558CF6BC.svs  (212 MB)  case=TCGA-DM-A282  [1196d590-45ef-4faf-8c84-7e61617a575c]
   • TCGA-DM-A282-01Z-00-DX1.65f620ea-37be-4d3c-a993-a2bfb552108c.svs  (1619 MB)  case=TCGA-DM-A282  [43610e35-774c-43da-9053-742e286fa52c]
   • TCGA-F4-6805-01Z-00-DX1.9927edbb-2801-4988-b113-1fdfd31a72a0.svs  (318 MB)  case=TCGA-F4-6805  [bf04fde6-7ddf-42c2-9390-ab39db4e63ea]
   • TCGA-F4-6805-01A-01-TS1.182badda-0592-43c7-983b-fee423dbbd78.svs  (419 MB)  case=TCGA-F4-6805  [5ee56148-7175-48fb-b010-37934c6fd8e2]
   • TCGA-F4-6805-01A-01-BS1.40a5894f-b316-4682-baff-e052d3a6b3d7.svs  (536 MB)  case=TCGA-F4-6805  [421c49f8-6bbc-47a9-a2c0-8177ef4e9639]
   • TCGA-A6-5656-01Z-00-DX1.8a8ebf52-8217-4288-8886-7eefa6cdfdca.svs  (73 MB)  case=TCGA-A6-5656  [b00fb1a3-02c5-458e-8f5e-559bcc9dedf0]
   • TCGA-AD-A5EK-01A-01-TS1.4F9857CD-0626-4A38-8207-31FFA248FB44.svs  (117 MB)  case=TCGA-AD-A5EK  [2dbb6d2f-1bd0-47b0-b443-231200de97b5]
   • TCGA-AD-A5EK-01Z-00-DX1.709B3557-3E24-4CAB-8CD6-604C9438BC12.svs  (317 MB)  case=TCGA-AD-A5EK  [098102b9-668a-4743-b8b8-b0f1e1bd345c]
   • TCGA-D5-6928-01Z-00-DX1.f8a8fb91-c23e-418e-b9a3-500af1402ce1.svs  (122 MB)  case=TCGA-D5-6928  [dcbe590f-5960-402f-a095-d9be5ac773e8]
   • TCGA-D5-6539-01Z-00-DX1.fe2a2e60-1db0-4019-9920-99416b34f05e.svs  (451 MB)  case=TCGA-D5-6539  [80335604-0905-4719-a4a0-4f8e23884435]
   • TCGA-A6-5656-01A-01-BS1.773b1119-8e8d-4f22-8e83-69ab43673b07.svs  (54 MB)  case=TCGA-A6-5656  [c83a0f01-1ed4-4030-a670-8339e063734f]
   • TCGA-A6-5656-01B-02-BS2.04E72839-B20E-44AF-87E5-BC2A4123CBC9.svs  (27 MB)  case=TCGA-A6-5656  [d612e920-0940-4248-aaec-c6e5abdaad68]
   • TCGA-A6-5656-01B-01-BS1.B38EE8C4-782D-45E1-8224-7870D4042D1A.svs  (182 MB)  case=TCGA-A6-5656  [5125dd8e-56b8-4506-861b-526874b45dc3]
   • TCGA-AA-3680-01Z-00-DX1.9eef1b8f-c3c1-486f-83e7-a88182ce892a.svs  (339 MB)  case=TCGA-AA-3680  [d32f8922-be9a-4841-9131-7d966c18e27d]
   • TCGA-D5-6530-01Z-00-DX1.5c4bbcd1-51ba-467d-93f9-f2a9e7c5e010.svs  (1258 MB)  case=TCGA-D5-6530  [ad571159-611a-446e-8a43-4a5c0a76aea4]
   • TCGA-AA-3680-01A-01-TS1.51d8bc5c-58ed-4adc-a1f9-5966a1444576.svs  (29 MB)  case=TCGA-AA-3680  [9b6800fb-bcbb-49dd-aaf6-67832d3b14cc]
   • TCGA-D5-6530-01A-01-TS1.097e36e3-637b-48ed-bbb8-4ebb7ba1c640.svs  (45 MB)  case=TCGA-D5-6530  [fe5641e5-e8b2-4ef5-b9ae-0139c9ca03ab]
   • TCGA-AA-3660-01Z-00-DX1.CCD0F50D-9991-4CC2-AC77-AD1F78D8CFEB.svs  (8 MB)  case=TCGA-AA-3660  [1ca35a8e-3911-4247-a906-832f3223e192]
   • TCGA-CM-6165-01A-01-TS1.2f8502dc-e0ab-46b5-b8dc-5c1797c0b343.svs  (98 MB)  case=TCGA-CM-6165  [7f39fa9e-2c6c-4720-aaa8-66e595feb222]
   • TCGA-AA-3660-01A-01-TS1.3166f2b2-3225-495c-afb8-3cca688f020d.svs  (44 MB)  case=TCGA-AA-3660  [472bd376-5ada-4c52-b8ab-e50cf638bda2]
   • TCGA-D5-6533-01A-01-BS1.b18f9cf2-c5cd-432f-9bf6-17a477a18d35.svs  (64 MB)  case=TCGA-D5-6533  [e2a547ae-e433-4432-8bda-7055270e446f]
   • TCGA-D5-6533-01A-01-TS1.b473fc8b-7331-496d-8327-c4b997a40579.svs  (46 MB)  case=TCGA-D5-6533  [1b911c6b-fc7c-4a34-8848-c27c3d5abe06]
   • TCGA-AA-A00W-01Z-00-DX1.24770462-BD63-4881-9AE3-9198E9093AD9.svs  (567 MB)  case=TCGA-AA-A00W  [b5d1e455-5c25-4ad1-87b5-b56776d17baf]
   • TCGA-AA-A00W-01A-01-BS1.dae5535c-84cb-4679-90ae-99a4cbdc067d.svs  (78 MB)  case=TCGA-AA-A00W  [51f009f7-d448-4108-a99d-c2f684e8168b]
   • TCGA-AA-A00W-01A-01-TS1.74a4c357-4e33-4fda-8161-03ab10ec0efa.svs  (125 MB)  case=TCGA-AA-A00W  [41182957-e990-41da-b27c-aabea4487bfb]
   • TCGA-AY-6197-01A-01-TS1.8586dbe6-12ac-4d96-9a37-01c715a995ac.svs  (67 MB)  case=TCGA-AY-6197  [84a87c68-6c24-48c9-b05f-203f93a08227]
   • TCGA-A6-2683-01A-01-BS1.29a7562c-65a1-43b7-8d81-27cfb1f56726.svs  (144 MB)  case=TCGA-A6-2683  [f7c0441d-2446-4776-9f88-98796a46f7fa]
   • TCGA-DM-A28C-01A-01-TSA.3A33492E-26A9-4614-9AB2-81C4F02E6A27.svs  (273 MB)  case=TCGA-DM-A28C  [774c738b-b0a4-4ea3-b5c1-bdf9b3874675]
   • TCGA-A6-2683-01A-01-TS1.9cf6e4c7-9b9f-4810-8dc6-143f71280c7a.svs  (58 MB)  case=TCGA-A6-2683  [cce679a5-b4b1-4527-a073-3f77cfac8bbe]
   • TCGA-A6-2683-01Z-00-DX1.0dfc5d0a-68f4-45e1-a879-0428313c6dbc.svs  (188 MB)  case=TCGA-A6-2683  [011da0ba-03eb-41cd-ae90-2dca944410e5]
   • TCGA-A6-2683-11A-01-TS1.9750a80d-ed19-4baa-b0eb-8f3a77b66b00.svs  (94 MB)  case=TCGA-A6-2683  [4022c4b0-67e5-4805-999f-873026fb670d]
   • TCGA-AA-3818-01A-01-TS1.00cb0352-1377-4ad6-aa08-c3c1f1cc3b73.svs  (137 MB)  case=TCGA-AA-3818  [a65ca528-7fee-4bae-9d31-4a4d4d1ccb47]
   • TCGA-AA-3818-01A-01-BS1.f5edf326-deec-4439-9f2e-27b47b6061af.svs  (122 MB)  case=TCGA-AA-3818  [d4227d07-af55-450d-a4b8-ca6e78cf104d]
   • TCGA-AA-3818-01Z-00-DX1.80d3eeeb-9a4d-4211-90e8-605a4b809a63.svs  (248 MB)  case=TCGA-AA-3818  [41e7dc14-d609-4047-a89d-53f63eb25fee]
   • TCGA-DM-A28G-01A-01-TSA.57DE8836-A0FE-414A-8A84-EECB9BD35F1C.svs  (248 MB)  case=TCGA-DM-A28G  [5a937bfc-b3e5-4063-8895-8e8a6811d810]
   • TCGA-DM-A28G-01Z-00-DX1.5e8602bd-31e1-4813-8214-cd56280defe5.svs  (1473 MB)  case=TCGA-DM-A28G  [96b86ad8-69b1-4ce5-9382-6175af5db999]
   • TCGA-AA-3521-01A-01-TS1.3df678e0-934f-4702-a700-c4b76768a1fb.svs  (65 MB)  case=TCGA-AA-3521  [7d809243-e56b-454a-bc73-139d0a4cfb9c]
   • TCGA-AA-3521-01A-01-BS1.2436a207-6b63-4314-9595-9df659071f34.svs  (93 MB)  case=TCGA-AA-3521  [2ae7fec9-d7a7-4a4c-b849-69625bbfdd26]
   • TCGA-AA-3521-11A-01-TS1.1d81fadb-e500-461b-ac67-17415647b9b8.svs  (50 MB)  case=TCGA-AA-3521  [df026794-9578-4059-ae06-9bf13cbba577]
   • TCGA-AD-6888-01A-01-TS1.e7e6ffce-c563-44ed-9483-ef7c37418b06.svs  (113 MB)  case=TCGA-AD-6888  [88f82342-9908-4f01-a2ba-9b6783d18903]
   • TCGA-AD-6888-01Z-00-DX1.47AE342C-4577-4D8B-9048-0B106C5960E7.svs  (164 MB)  case=TCGA-AD-6888  [5ba7738a-dd63-4c39-b48d-7b9c28be1d7d]
   • TCGA-AA-3530-01Z-00-DX1.298325a7-f5f8-4b5e-b3da-dd9dab6e4820.svs  (468 MB)  case=TCGA-AA-3530  [3b88b579-a27a-4ac4-8533-48dded7d11c7]
   • TCGA-AA-3692-01Z-00-DX1.6e8c2370-54a7-4fce-b55c-bdb459828990.svs  (247 MB)  case=TCGA-AA-3692  [dd32a0d5-139c-4786-9fb7-0db929d21a12]
   • TCGA-AA-3692-01A-01-TS1.a7454976-0e14-4744-8f3e-c674cdf5c0cd.svs  (71 MB)  case=TCGA-AA-3692  [c2337b17-530a-47bc-ab84-85779b6cedff]
   • TCGA-AA-3715-01A-01-BS1.3927954b-ba83-41d4-aab5-ff73273c68a1.svs  (182 MB)  case=TCGA-AA-3715  [0a245f77-3160-4850-bb14-5a4122466260]
   • TCGA-AA-3672-01A-01-TS1.ce1cd3ae-6c44-4f5c-ae3f-3cc69325702d.svs  (70 MB)  case=TCGA-AA-3672  [c262de8a-5c38-4557-86dc-0ae3ddd17b15]
   • TCGA-AA-3527-01A-01-BS1.5aa0bd9a-172a-4109-81e2-5293fba47e7c.svs  (98 MB)  case=TCGA-AA-3527  [1a1a480e-e6a5-46fd-ac72-e9e38d792c2f]
   • TCGA-AA-3527-11A-01-TS1.d19964ab-f1f0-41ba-bb83-e68f7fca2420.svs  (63 MB)  case=TCGA-AA-3527  [9dbea005-0c18-4666-aa39-aee60ab04839]
   • TCGA-AA-3952-01A-01-BS1.dc564406-d3db-4bb3-b78f-f699c3c41b39.svs  (52 MB)  case=TCGA-AA-3952  [4d119e3b-58e7-4b33-98f9-f0b2f09c25bc]
   • TCGA-AA-3527-01A-01-TS1.612d33b3-569d-4ea0-9dd2-f08a1ba61707.svs  (67 MB)  case=TCGA-AA-3527  [885ee2ab-38a2-43a3-b963-8861763c5bd3]
   • TCGA-AA-A024-01A-01-MS1.ad919832-1db3-4106-bc71-201480fdcb96.svs  (539 MB)  case=TCGA-AA-A024  [81bb19f4-8a42-43f1-b41b-a0c73e425a20]
   • TCGA-AA-A024-01A-01-BS1.274e4819-7d73-429b-be76-7956b4cdd48f.svs  (213 MB)  case=TCGA-AA-A024  [30c214c4-d8b2-4bf0-a592-540d5ed9235b]
   • TCGA-AA-3688-01A-01-BS1.cd5c4d75-aa84-455a-becc-06b04f8978a0.svs  (100 MB)  case=TCGA-AA-3688  [63d2705e-139c-4068-98f3-501646e3ce43]
   • TCGA-AA-3688-01Z-00-DX1.642ce194-6dc0-4a96-aa79-674f48966df3.svs  (293 MB)  case=TCGA-AA-3688  [69b4eafa-a83c-4e5a-8855-95de51585362]
   • TCGA-AA-3688-01A-01-TS1.90615e6d-6dbf-4d4e-aea5-21ec1bbb67ed.svs  (82 MB)  case=TCGA-AA-3688  [3862a74b-3485-44b6-a67e-1a5d723d18fe]
   • TCGA-AA-3543-01A-01-BS1.1d2ef51c-4d9d-418a-8465-4f43db7394d0.svs  (36 MB)  case=TCGA-AA-3543  [23ffd0b8-c2c4-40d2-9754-f7f876762875]
   • TCGA-AA-3516-11A-01-TS1.5adf75f8-2fda-4389-a137-6a159541f16c.svs  (39 MB)  case=TCGA-AA-3516  [c64ef6e3-815e-4395-925f-7c814a5cc452]
   • TCGA-AA-3525-01A-02-BS2.6e76b1da-12c5-423f-92ec-47a02afec158.svs  (161 MB)  case=TCGA-AA-3525  [81549c45-204e-4e5c-a7fb-d2eb2fd55d2d]
   • TCGA-AA-3525-01Z-00-DX1.b6079f23-6ad2-41fb-885f-d7c68450c8d5.svs  (354 MB)  case=TCGA-AA-3525  [a02c0560-9e02-4e4c-ba2e-62211f785c3e]
   • TCGA-G4-6294-01Z-00-DX1.29a1716d-8875-49f0-8a83-f416221623b3.svs  (760 MB)  case=TCGA-G4-6294  [2d08a6f8-70b3-4c3e-aa8f-1bc325f37282]
   • TCGA-A6-2682-11A-01-TS1.1d712478-2b28-4241-bcec-f337d8112446.svs  (113 MB)  case=TCGA-A6-2682  [283ee604-b478-4826-8148-8bcb7e4575d6]
   • TCGA-AA-3524-11A-01-TS1.72f43398-3528-4407-b119-92caf2e9e8b5.svs  (43 MB)  case=TCGA-AA-3524  [e6257191-06a5-4275-bcde-73ba58600656]
   • TCGA-G4-6588-01A-01-BS1.64b848e3-100a-4f3b-9034-3b3e810b31fd.svs  (320 MB)  case=TCGA-G4-6588  [8333b597-154c-4b86-ad85-415d8fd94507]
   • TCGA-AA-A00L-01A-01-TS1.eb54ec1e-f5fd-48e8-a3ae-97b10a60e105.svs  (141 MB)  case=TCGA-AA-A00L  [d2e642bb-da58-466d-936a-5453e7f6f821]
   • TCGA-AA-A00L-01A-03-BS3.2be0f129-18e8-47d3-a774-fa07faa9f525.svs  (365 MB)  case=TCGA-AA-A00L  [c6b51918-0376-4697-b00d-5e4f294e4ea5]
   • TCGA-A6-2677-01Z-00-DX1.dc0903dc-fef2-47ca-8f04-1ef25a4d8338.svs  (137 MB)  case=TCGA-A6-2677  [b83a00d6-84ff-462b-ae9e-091c9fa40b7a]
   • TCGA-A6-2677-01A-01-TS1.edb9ca2e-dace-4eef-b92a-0cf54b7fc235.svs  (127 MB)  case=TCGA-A6-2677  [a218885d-b6f8-4ce7-9687-054d238f379a]
   • TCGA-AA-3562-01A-02-BS2.545d3c6e-ca91-4f6a-9011-0bdbd41ef0cb.svs  (59 MB)  case=TCGA-AA-3562  [3eda8417-5b10-4d1f-b213-e22cd27e50f1]
   • TCGA-A6-4105-01A-01-TS1.bafb166f-9953-493d-81f2-85ca00723fbc.svs  (100 MB)  case=TCGA-A6-4105  [357c217a-4c85-47cc-8a95-d531b26f321b]
   • TCGA-AD-6964-01Z-00-DX1.83AF88B9-C59B-48C6-A739-85ACB8F8ECA9.svs  (280 MB)  case=TCGA-AD-6964  [eb10274f-9337-4ef0-9762-5430ede6d6f9]
   • TCGA-AA-3950-01A-01-BS1.ebedc6f3-ee98-4d26-90e3-6e3b11ba6985.svs  (92 MB)  case=TCGA-AA-3950  [266cef8d-da8c-4cda-adb0-dc2e7f14c50c]
   • TCGA-AA-3713-01A-02-BS2.17000e1b-ae01-4c65-a22f-8246f942fee7.svs  (62 MB)  case=TCGA-AA-3713  [7f4549d1-9723-4e0b-bee2-5ef3095f69a0]
   • TCGA-AA-3556-01Z-00-DX1.63a74b91-44e8-4ffd-8737-bcf6992183c3.svs  (102 MB)  case=TCGA-AA-3556  [4610d8e4-ddc8-41e3-a92f-9cc32c8c8e8a]
   • TCGA-AA-A00Z-01A-01-TS1.fc10c794-7724-4e45-abf5-1bdf36ba4000.svs  (88 MB)  case=TCGA-AA-A00Z  [6987f96d-b433-4fae-a0de-62ea34f729f5]
   • TCGA-AA-A00Z-01Z-00-DX1.47847702-E46E-40AA-9BA6-2ED1912D1E73.svs  (290 MB)  case=TCGA-AA-A00Z  [2e23c9a5-0e47-4b5a-9359-b73ed2dd1916]
   • TCGA-AA-3811-01Z-00-DX1.369d7946-911e-4e97-8ae7-32ef12b6b106.svs  (287 MB)  case=TCGA-AA-3811  [3da5c30e-042f-4dca-965e-0852ca2d8987]
   • TCGA-AA-3511-01A-01-BS1.3290b921-43d6-44d6-b834-5787c8f5dd6a.svs  (90 MB)  case=TCGA-AA-3511  [0edec4ca-232f-46da-b2ab-cc8dfc69e1d0]
   • TCGA-AA-3522-01A-01-TS1.4bd571fb-9fb2-4809-b293-224e983590f8.svs  (66 MB)  case=TCGA-AA-3522  [49258126-2ed2-4f7d-8044-e4645abe5b86]
   • TCGA-AA-3862-01A-01-TS1.29e7f431-fdae-40af-88e6-61ced937931d.svs  (56 MB)  case=TCGA-AA-3862  [43ec31e0-82c0-478a-82b8-8893c9b550c3]
   • TCGA-AA-3862-01A-01-BS1.342316e0-f6ba-4bcb-8a47-4c5e9ddcf1d2.svs  (87 MB)  case=TCGA-AA-3862  [2edf4859-b310-4cfd-98ca-61f60dca2a4f]
   • TCGA-AA-3522-11A-01-TS1.b24118e7-0d4f-4222-920c-e8be2b0adec2.svs  (47 MB)  case=TCGA-AA-3522  [7e5db848-9dbf-47e0-a936-82c6b181c1b9]
   • TCGA-AA-A02K-01A-02-BS2.1a087bff-b6ea-4031-b283-c33b77df1f4c.svs  (133 MB)  case=TCGA-AA-A02K  [a1d91919-7121-41f4-bcfc-3604623fd25f]
   • TCGA-AA-A02K-01A-03-BS3.55155371-5d4a-45af-90d1-278f6f6a1122.svs  (160 MB)  case=TCGA-AA-A02K  [214c1ca2-6b35-4356-a0a9-e5e825078ba1]
   • TCGA-CM-4750-01Z-00-DX1.250ea50f-3aae-4fcd-9ba9-25cf2115525f.svs  (1198 MB)  case=TCGA-CM-4750  [683ec752-46a5-40cd-9bda-b6b1c771e955]
   • TCGA-AZ-4313-01A-01-TS1.b9881c3c-0d73-4eda-ba4a-634c1a4b0862.svs  (46 MB)  case=TCGA-AZ-4313  [f6dba429-fbe8-4d6b-8d01-30a89f9cd742]
   • TCGA-CM-4750-01A-01-BS1.736e03ab-d5ec-41d2-a714-87d5ea2a71b9.svs  (355 MB)  case=TCGA-CM-4750  [5dd061b5-1622-4d82-a5a1-d3a01904050d]
   • TCGA-AA-3561-01Z-00-DX1.1b5a2925-53f9-470f-a62c-cc2e5d5abb58.svs  (462 MB)  case=TCGA-AA-3561  [227fecea-0d2a-4eaf-b32a-1129887d6926]
   • TCGA-AA-3554-01Z-00-DX1.53ea377e-6671-47bb-a2b6-b136d9686144.svs  (370 MB)  case=TCGA-AA-3554  [f42d95c6-a82d-41fe-a76e-3248592e0bc3]
   • TCGA-AA-3561-01A-01-TS1.438158ae-9be7-43d9-b73e-21e26eb876aa.svs  (85 MB)  case=TCGA-AA-3561  [82ab624b-74b1-4fa2-a146-5f0fba7ea199]
   • TCGA-AA-3554-01A-01-BS1.b9ec84f2-9fda-498e-844c-e0d0d831b372.svs  (117 MB)  case=TCGA-AA-3554  [3cf49fba-8cd4-47f3-a664-26bbd049079b]
   • TCGA-D5-5538-01Z-00-DX1.7187bda7-9217-4395-a5e9-647357bc1c3a.svs  (909 MB)  case=TCGA-D5-5538  [aaeba14c-59c5-4123-bb25-e4d3d590bccf]
   • TCGA-A6-2680-01A-01-TS1.faab1630-04bd-49ad-9f20-d69e6b778d60.svs  (169 MB)  case=TCGA-A6-2680  [e6b37c6b-44a5-423b-9dab-ecd478f58630]
   • TCGA-A6-2680-11A-01-TS1.b35e0452-5097-4558-a5f3-ffa7c08c47b0.svs  (58 MB)  case=TCGA-A6-2680  [e5e8e2d5-94e1-4b57-acc7-e964e569f581]
   • TCGA-G4-6586-01A-01-BS1.1bc63c0d-0764-4067-bc55-80aa2539817e.svs  (47 MB)  case=TCGA-G4-6586  [3954d166-c2e0-4f0a-937b-94ab2631f035]
   • TCGA-G4-6586-01Z-00-DX1.f19ef98f-9540-4b8d-bd13-5891e79b2576.svs  (645 MB)  case=TCGA-G4-6586  [aa80bf43-a394-4d17-a14c-f8d67a9e7af6]
   • TCGA-D5-5538-01A-01-TS1.b31a75dc-8855-458f-b966-58eaad90eb75.svs  (122 MB)  case=TCGA-D5-5538  [5bf40bac-0ca1-47a5-a35c-b77206707912]
   • TCGA-A6-2680-01A-01-BS1.01a50346-1cce-4bc4-9e00-a46c03d9a550.svs  (173 MB)  case=TCGA-A6-2680  [e9141bde-a1ee-4d1b-b8d8-f3aedbf5ef67]
   • TCGA-A6-6781-01B-06-BS6.522B170D-3D07-43CA-B7E1-3859117876E3.svs  (266 MB)  case=TCGA-A6-6781  [ec13a193-864e-4e8c-b560-04acd6abc459]
   • TCGA-AA-3675-01Z-00-DX1.9afbbb26-2574-46af-8154-5f39bab6f01a.svs  (193 MB)  case=TCGA-AA-3675  [b7c23d21-c9b8-4d40-b32d-01a7081e5189]
   • TCGA-AA-3675-01A-02-BS2.cb87c357-e901-426d-9504-e0efca8e9358.svs  (74 MB)  case=TCGA-AA-3675  [82b77beb-ef4e-46cf-9c2e-80d456b31479]
   • TCGA-AA-3858-01A-01-BS1.a2b4bf28-cb5b-4d60-8cdd-7770c88bc7f9.svs  (53 MB)  case=TCGA-AA-3858  [0ab69017-93fe-4ca0-8167-5be13d8d7a09]
   • TCGA-A6-2676-01Z-00-DX1.c465f6e0-b47c-48e9-bdb1-67077bb16c67.svs  (185 MB)  case=TCGA-A6-2676  [42b1d9e6-a4c8-4625-b443-2bb2a5f69b02]
   • TCGA-AZ-4616-01A-02-BS2.af9e7937-b8f2-47b4-9679-9c797e59debf.svs  (128 MB)  case=TCGA-AZ-4616  [930a0a17-525e-40b4-9b6a-87ed7e3235c7]
   • TCGA-AZ-4616-01A-01-BS1.17596b1f-47af-4f77-ab6a-ec2876da2e97.svs  (96 MB)  case=TCGA-AZ-4616  [6120da78-32da-4031-8987-e9a0be3a4acb]
   • TCGA-DM-A28K-01A-02-TSB.34C893F4-B51F-4565-98B5-A748C29847DC.svs  (135 MB)  case=TCGA-DM-A28K  [ab2ff2cd-c4c8-4a7f-9219-74f0bc90638d]
   • TCGA-T9-A92H-01Z-00-DX1.9BA130C5-CAEF-4452-BB1F-61963B0DA3C5.svs  (685 MB)  case=TCGA-T9-A92H  [0595727b-58bb-45e8-8a54-ce1e8e9df83a]
   • TCGA-AY-A8YK-01A-01-TS1.751B05DB-57FF-4CAC-82BB-A277032458C1.svs  (302 MB)  case=TCGA-AY-A8YK  [593b4a9c-671e-40a6-b65f-68f695cb4448]
   • TCGA-AA-3510-11A-01-TS1.d042a13b-f97d-4e3b-9941-e909e4df76df.svs  (52 MB)  case=TCGA-AA-3510  [6a481453-dfcd-4d47-9ffc-816ac8c15f88]
   • TCGA-AA-3510-01A-01-BS1.794d2af4-4397-4887-8826-babc3152336a.svs  (169 MB)  case=TCGA-AA-3510  [065d18cb-32bd-451b-91e7-54bf4d106e56]
   • TCGA-A6-6652-01A-01-BS1.2e147bf7-7ea7-4e98-869e-f27cd046a103.svs  (34 MB)  case=TCGA-A6-6652  [f56ee6de-e759-41c4-a213-7ece792b6909]
   • TCGA-A6-6652-01A-01-TS1.2d66d78f-b7ee-4a1e-a2c7-80a7ca6d7e60.svs  (81 MB)  case=TCGA-A6-6652  [85507844-f409-42ea-9b38-059c830060ee]
   • TCGA-AA-A00D-01Z-00-DX1.A4358CDC-9B7E-4802-BF1C-741F533BBD96.svs  (646 MB)  case=TCGA-AA-A00D  [91b1621c-62be-4bc3-8b7e-1cae7f38467d]
   • TCGA-A6-6652-01Z-00-DX1.30916007-088e-48bd-abf8-519f34e2c37a.svs  (89 MB)  case=TCGA-A6-6652  [6037aa4b-7c77-4ac5-b96f-807be2dd7e82]
   • TCGA-AA-A00D-01A-02-MS2.1b7ebc8f-e417-4be4-b170-e05e426628db.svs  (182 MB)  case=TCGA-AA-A00D  [bd178554-1651-4dda-90b6-1321cff1a515]
   • TCGA-AA-3971-01Z-00-DX1.348b1114-a9d5-4a37-8dfd-3bc8738fec35.svs  (522 MB)  case=TCGA-AA-3971  [4a644f46-af06-44ac-a7c6-f13258d70357]
   • TCGA-AZ-6603-01Z-00-DX1.e39d6a8c-a738-4d63-b094-11be49fac828.svs  (660 MB)  case=TCGA-AZ-6603  [2e5f3ab3-6945-4600-8720-122c77dd28e4]
   • TCGA-AD-6965-01Z-00-DX1.0330727c-42f5-4a08-a35d-af81eda1d0f1.svs  (78 MB)  case=TCGA-AD-6965  [56b13994-61dd-4f3b-b26f-faacf93a339d]
   • TCGA-CA-6716-01A-01-BS1.bea762a4-33ec-4ee4-9858-69a04ccfa023.svs  (249 MB)  case=TCGA-CA-6716  [240e498d-290f-400f-a900-f94e194eb6da]
   • TCGA-AA-A02O-01A-01-BS1.79d2c3c5-7bc2-48ea-9bcf-900e157b2c0f.svs  (360 MB)  case=TCGA-AA-A02O  [4974ea32-bbb7-49c3-9de4-57efeea6c6ca]
   • TCGA-CM-6676-01A-01-BS1.b41df16a-597d-4342-9507-6759d0e570ef.svs  (159 MB)  case=TCGA-CM-6676  [506fe288-b3dd-4065-a38a-6efd8adef4e7]
   • TCGA-CM-6676-01A-01-TS1.f9f9b5af-5b40-4ea1-bbb3-88de20050c01.svs  (154 MB)  case=TCGA-CM-6676  [27928c1b-e691-4559-9eee-1d6ce474ebf5]
   • TCGA-A6-2678-01A-01-TS1.74cade3f-41fd-4358-a6a5-25f779b201dc.svs  (168 MB)  case=TCGA-A6-2678  [7d2f9d68-317c-4875-aab7-b13690790c13]
   • TCGA-AA-A029-01A-01-BS1.e5446960-f105-4548-97fd-2e6b3d82afa7.svs  (428 MB)  case=TCGA-AA-A029  [0bbc7ad5-bc1f-432d-866d-aaa0e63f179e]
   • TCGA-AZ-6599-01Z-00-DX1.9d6aae3d-6934-4e96-8699-db41e1194f29.svs  (455 MB)  case=TCGA-AZ-6599  [15d3e243-669f-40e8-8c9c-8d039929172c]
   • TCGA-AZ-6599-01A-01-TS1.97e6dd36-0ece-4a31-8af5-bac951d79ad1.svs  (292 MB)  case=TCGA-AZ-6599  [467b82fc-b109-4852-8598-b417565e96fa]
   • TCGA-F4-6809-01A-01-TS1.7c734fc1-45b2-40c1-b332-07c9dd21bd3d.svs  (544 MB)  case=TCGA-F4-6809  [b5c2f16d-e609-4a3e-8f80-a7979af032e6]
   • TCGA-F4-6809-01A-01-BS1.557dfb5e-749e-43e5-96b4-39f322fd22c0.svs  (420 MB)  case=TCGA-F4-6809  [056b25da-af6e-4f1a-a819-fc668a119d78]
   • TCGA-CK-4950-01Z-00-DX1.03dcc4c2-2b63-45a2-8561-bf18193202b5.svs  (653 MB)  case=TCGA-CK-4950  [03e74334-057d-47f1-9651-4a270ca1f943]
   • TCGA-AA-A01D-01A-01-TS1.9404ece7-4d3c-4d20-b52d-0670b0e91666.svs  (180 MB)  case=TCGA-AA-A01D  [d364faa2-9b2c-471d-be13-e481222ed151]
   • TCGA-AA-3526-01A-01-BS1.87739924-2e47-4696-b683-017d9bba70f4.svs  (130 MB)  case=TCGA-AA-3526  [cf91e703-3ee0-423c-82ca-690216efde46]
   • TCGA-QG-A5YX-01A-01-TSA.DA3A7427-C43F-4F6E-8DE8-765356BEF317.svs  (201 MB)  case=TCGA-QG-A5YX  [20a4a077-8dea-43a4-8c2e-c36c3ad874ad]
   • TCGA-AA-3552-01A-01-BS1.52c87059-f829-43c0-93ab-a7953df24688.svs  (153 MB)  case=TCGA-AA-3552  [df6c9730-00de-46f8-bd13-db340a6235c4]
   • TCGA-AA-3552-01Z-00-DX1.84133d42-9a39-44b5-a1ec-a5382650c939.svs  (275 MB)  case=TCGA-AA-3552  [dcc94838-617f-4e8f-ba5e-e0f1c553df75]
   • TCGA-A6-6648-01A-01-TS1.7dcc4daf-f6e1-422e-958c-00b7411922fd.svs  (115 MB)  case=TCGA-A6-6648  [c4846710-5a2e-4c60-a9fe-e42c9b68434e]
   • TCGA-AA-3544-01A-01-BS1.85f16b46-caa6-41c3-a924-00797de56ed8.svs  (80 MB)  case=TCGA-AA-3544  [d5e4d74f-44ad-45c7-81e6-ff9c41944dee]
   • TCGA-AD-6889-01A-01-TS1.18f76720-da3c-4a43-bb1c-513c4485c5aa.svs  (147 MB)  case=TCGA-AD-6889  [0ddfb291-c6c1-493c-8f29-0831932cd88e]
   • TCGA-AD-6889-01A-01-BS1.201e88a5-60ca-4555-a3fe-4ac51648a459.svs  (48 MB)  case=TCGA-AD-6889  [4782a5f9-617b-4eb6-a6d7-a91ee6638595]
   • TCGA-F4-6570-01Z-00-DX1.57a15bf3-d9a1-4da7-b71a-7b992a275bdf.svs  (551 MB)  case=TCGA-F4-6570  [ca33b5ee-d075-4ea9-8490-3167beedd69b]
   • TCGA-D5-6920-01A-01-TS1.f2c8fc67-ca4e-453c-a2dd-6ced42a4fc5d.svs  (28 MB)  case=TCGA-D5-6920  [af8ca88b-e825-44b7-a2ee-2d1dd6f3c3f8]
   • TCGA-AD-6895-01A-01-TS1.60e5a7e9-6a8d-47ae-8094-7429f03b42b3.svs  (35 MB)  case=TCGA-AD-6895  [7d6e87b2-039a-4f6d-a0c1-4ba9b1f71c5a]
   • TCGA-AA-3560-01A-01-BS1.55bdf493-a89e-4342-913c-f117c75e3f21.svs  (105 MB)  case=TCGA-AA-3560  [5aeac8b8-2308-441b-9986-281b385c0de5]
   • TCGA-AA-3560-01Z-00-DX1.7ca786bd-777e-4b33-8778-fc5e2b061ff1.svs  (190 MB)  case=TCGA-AA-3560  [20c54d6e-a4cb-4503-aafb-a70b8c342b9a]
   • TCGA-AA-3695-01Z-00-DX1.be93a101-7b57-4140-bd82-86c65e65ca27.svs  (393 MB)  case=TCGA-AA-3695  [337025b3-97a6-4913-a4d2-3494f810884d]
   • TCGA-AA-3695-01A-01-BS1.32595f69-80cb-4681-b304-bb6ca4c15b37.svs  (152 MB)  case=TCGA-AA-3695  [6857d0bb-13ef-4fa0-a42d-ca33b5323b0e]
   • TCGA-AA-3695-01A-01-TS1.d3cac7a9-93dc-4f17-9e9f-ff8d3600d097.svs  (98 MB)  case=TCGA-AA-3695  [a035ba89-2d71-47f8-8e0f-fab20a863562]
   • TCGA-AA-3833-01A-01-TS1.e26df311-f1d9-42a3-b32f-bb18f7c56b7a.svs  (52 MB)  case=TCGA-AA-3833  [4e320f06-9433-48cc-bdc7-6f4c10285b17]
   • TCGA-AA-3986-01A-02-BS2.875d87b2-3941-4c43-960b-ab762f3cdc5f.svs  (178 MB)  case=TCGA-AA-3986  [6d82626b-ca85-4a6c-ad54-487ed205edfb]
   • TCGA-DM-A1D8-01Z-00-DX1.2DD544F5-D72F-4840-B2D3-F361E032EA3B.svs  (504 MB)  case=TCGA-DM-A1D8  [02a30d63-1da6-42d0-ab89-b4992ddcacec]
   • TCGA-AA-3844-01A-01-BS1.1b127c9c-04a1-46ad-9cd6-fe61ef67719f.svs  (132 MB)  case=TCGA-AA-3844  [487c4184-e8d0-477c-b8e6-f631f5f04cac]
   • TCGA-AA-3844-01Z-00-DX1.bf88ce1f-0601-40c8-813e-4e3df51bd2f0.svs  (267 MB)  case=TCGA-AA-3844  [bffacf34-4942-496d-9c5d-d36294d80a9d]
   • TCGA-CM-6170-01A-01-TS1.5bad352a-2651-4825-a12e-6fc48d837007.svs  (167 MB)  case=TCGA-CM-6170  [39736cae-6d12-4c97-9e69-7b47cc2d8789]
   • TCGA-CM-6170-01A-01-BS1.d9682a1f-ca43-45df-b188-c09d5e3e6a53.svs  (202 MB)  case=TCGA-CM-6170  [e6d009fe-b60f-471d-b680-f63b61dc7a79]
   • TCGA-AA-3850-01A-01-TS1.d7965ad0-f511-413b-9d04-db8a85dbcc61.svs  (48 MB)  case=TCGA-AA-3850  [a6fed58a-5f27-4b59-8561-b9270fbf5db6]
   • TCGA-AD-6890-01A-01-TS1.3a375927-dd7a-4f43-8280-454b26849acf.svs  (73 MB)  case=TCGA-AD-6890  [051d725f-6e44-4494-8a61-c1f4a62a977c]
   • TCGA-AD-6890-01Z-00-DX1.4778042f-f210-489c-bb76-b4fe16b0d500.svs  (70 MB)  case=TCGA-AD-6890  [c7e229f4-7185-4211-979c-6cca1bbe4e0f]
   • TCGA-CM-5860-01Z-00-DX1.95f23758-00b7-4602-b4ef-944130528f36.svs  (727 MB)  case=TCGA-CM-5860  [66c0dab4-d5c5-4d36-b2fc-4fc8c9aa963a]
   • TCGA-CM-6162-01A-01-BS1.1b7d2e09-76f2-45a2-9b7f-6db9e228aab3.svs  (359 MB)  case=TCGA-CM-6162  [d7deb139-ed44-4433-9cfc-d1e0773c103e]
   • TCGA-CM-6162-01Z-00-DX1.806a99a3-cda2-4dde-8d13-d22912b44d49.svs  (699 MB)  case=TCGA-CM-6162  [da15fd05-3763-417e-b269-da9b819ea617]
   • TCGA-A6-6140-01A-01-TS1.9a3f743a-ac28-4eca-89ce-d9a1bcff61a6.svs  (98 MB)  case=TCGA-A6-6140  [240b9b66-5cb9-4f85-8220-e9f2271832d3]
   • TCGA-A6-2681-01A-01-BS1.222c76ce-3ad0-4025-afbd-486d946848bd.svs  (137 MB)  case=TCGA-A6-2681  [006f83ef-d354-4295-84e1-ff363a4268c8]
   • TCGA-AA-A00U-01A-01-BS1.1135bc46-a82f-4107-b6df-65a15239323b.svs  (112 MB)  case=TCGA-AA-A00U  [b115e929-b4a2-4478-bc75-5f0799743ea8]
   • TCGA-CA-6718-01A-01-TS1.94e7547f-ac50-4278-869a-0b9886034636.svs  (449 MB)  case=TCGA-CA-6718  [ac32e85d-70e9-44bc-8dac-687c3cba7a04]
   • TCGA-AA-A01S-01A-01-BS1.af5bdc07-72d1-4e3d-ac4a-fa0083cf4fe5.svs  (197 MB)  case=TCGA-AA-A01S  [69142a85-9940-48c7-9657-7373d80142f7]
   • TCGA-CA-6718-01Z-00-DX1.9774472f-a29a-4b2b-8e50-ccbf9e5f9686.svs  (650 MB)  case=TCGA-CA-6718  [05b07eb8-5db7-4755-8a0c-900059c0e3af]
   • TCGA-G4-6311-01A-01-BS1.178131bf-dfdd-4334-bd2e-812f3be5f4da.svs  (42 MB)  case=TCGA-G4-6311  [48826c02-5ecc-4063-920c-fc908eeccf29]
   • TCGA-AD-6901-01Z-00-DX1.0a69c0b5-6238-4c1a-bbbd-ea743bf6fc98.svs  (112 MB)  case=TCGA-AD-6901  [ed500fa9-70b1-4d52-9e73-d8d512448901]
   • TCGA-G4-6311-01A-01-TS1.5113aca2-83c6-4263-907d-81581318ca8d.svs  (219 MB)  case=TCGA-G4-6311  [53e0642f-e9fd-4f42-b4d8-80b8f4d54fe6]
   • TCGA-AA-3655-01Z-00-DX1.D78D8DBE-E74F-491D-AC9C-10E4C4E7BB02.svs  (13 MB)  case=TCGA-AA-3655  [866108f6-0a38-4493-9eb5-864ae8b1eb4a]
   • TCGA-G4-6317-01A-01-TS1.e449574d-d298-4a52-b391-be3632619170.svs  (35 MB)  case=TCGA-G4-6317  [066af04d-d3e8-4f0a-9a57-1710a962637c]
   • TCGA-A6-5665-01A-01-TS1.920586c4-3ad8-4b0a-9042-814b98a42e33.svs  (194 MB)  case=TCGA-A6-5665  [1fb8f271-2015-4d94-83fb-aadc868bba4e]
   • TCGA-AA-3966-01Z-00-DX1.7bc0c76e-f2d9-4abd-b63c-dad01aa4b1f7.svs  (420 MB)  case=TCGA-AA-3966  [3918b8a1-e2d2-4ecc-97ea-a8ad81474088]
   • TCGA-AD-6899-01A-01-TS1.8a0432e9-ebc3-48d0-b424-909644e84c9c.svs  (87 MB)  case=TCGA-AD-6899  [a2bd60b3-3e4b-4510-823f-f7e39a68baee]
   • TCGA-AA-3966-01A-01-BS1.6238c7ab-0ae6-43da-af73-2db2d2c98b1b.svs  (73 MB)  case=TCGA-AA-3966  [7c1788fc-daa0-40c8-91e9-002795f917ee]
   • TCGA-AA-3837-01A-01-BS1.0e6224c0-cf59-4778-8f1f-1f931cb04202.svs  (94 MB)  case=TCGA-AA-3837  [42139ce2-3e2c-4003-b85c-42f53a13b3eb]
   • TCGA-AA-3837-01A-01-TS1.7a9592ab-000f-42e0-9b0f-4a27bf3dbf65.svs  (48 MB)  case=TCGA-AA-3837  [0b2e3164-ece9-4f4b-9d74-bcd51fe05a1c]
   • TCGA-D5-6537-01Z-00-DX1.f81ccf91-7ce6-4ccc-8278-cc05f639aca7.svs  (684 MB)  case=TCGA-D5-6537  [bcc16f92-3489-4c23-a8de-3a79fab77086]
   • TCGA-G4-6626-01A-01-TS1.ead940f8-7954-4d82-b034-4350a8fe5782.svs  (108 MB)  case=TCGA-G4-6626  [7032a5b3-51fe-4697-b8f8-0409e7e0104e]
   • TCGA-A6-3810-01A-01-TS1.995a75ce-07fe-4311-b774-c03c9394b440.svs  (57 MB)  case=TCGA-A6-3810  [e71bdb3f-e537-4afa-960f-0a0d75290852]
   • TCGA-AA-3854-01A-01-BS1.029bc349-2bc8-4341-bdbc-d3ea16871fb5.svs  (112 MB)  case=TCGA-AA-3854  [6dbd91bb-8389-46bd-8345-2d72d26db12b]
   • TCGA-A6-3810-01B-03-BS3.A7C6B755-37C3-4E01-9FA8-93787D9FB702.svs  (191 MB)  case=TCGA-A6-3810  [3bf71492-b47c-4048-b67e-9163bf566d20]
   • TCGA-CM-4752-01A-01-TS1.ff462100-1964-4d48-b4d3-863d532930c3.svs  (481 MB)  case=TCGA-CM-4752  [78366120-a00a-48ac-b9e3-2ebae3d60f2f]
   • TCGA-CM-4752-01A-01-BS1.f2a5b69f-8c3d-4e1e-9873-7e8c0d492562.svs  (526 MB)  case=TCGA-CM-4752  [67379156-3ba9-433b-9388-6101b8505bff]
   • TCGA-AA-3973-01A-01-BS1.a7fedbf4-9afa-44af-aeb5-ff949a13fc2b.svs  (50 MB)  case=TCGA-AA-3973  [4c73e391-7f84-46ed-bc2a-ec0f771d0e73]
   • TCGA-AA-3555-01A-01-TS1.02e3b1f8-3dd3-49d9-b95b-cd399178f358.svs  (102 MB)  case=TCGA-AA-3555  [7c107cf5-9594-41af-a0a4-aad29f139970]
   • TCGA-CA-6717-01Z-00-DX1.08da75b7-a08f-46b3-a8c0-24f601ec4558.svs  (578 MB)  case=TCGA-CA-6717  [158a9449-075b-4fba-a146-9d426d207b1e]
   • TCGA-AA-3673-01A-01-BS1.23a5afa1-7e1d-4c33-826f-938cdc6fd053.svs  (110 MB)  case=TCGA-AA-3673  [5ecc9c7c-c6c9-439c-b2ba-56acea6cc7fd]
   • TCGA-AA-3673-01Z-00-DX1.a80676fa-5481-4b63-9639-dbeb31ae82d8.svs  (154 MB)  case=TCGA-AA-3673  [dc246a31-9d41-47a5-8fd1-27401081b7cd]
   • TCGA-CA-6717-01A-01-BS1.18721b62-d6f1-487f-bfe4-2cbe6aa3c9a9.svs  (478 MB)  case=TCGA-CA-6717  [bb3c380a-3f5b-4546-b666-71ca293128ab]
   • TCGA-AA-3949-01Z-00-DX1.23748e80-0d7e-4238-8b29-f74cddae8596.svs  (248 MB)  case=TCGA-AA-3949  [0e720a10-f234-41ae-b885-dc32e86778db]
   • TCGA-AA-3949-01A-01-BS1.97d715e9-87ea-489c-813f-6aa19a6bf1ca.svs  (59 MB)  case=TCGA-AA-3949  [e235a64a-1b32-4c07-b70c-fa69e892842b]
   • TCGA-CK-4947-01Z-00-DX1.b257d5fd-b97b-4987-b088-77f044ca7fe2.svs  (865 MB)  case=TCGA-CK-4947  [16a5bceb-dba9-4c63-92bf-a63c5901d0b6]
   • TCGA-A6-2672-01A-01-TS1.cc5bfe43-6b11-4014-b091-de0c344bf466.svs  (266 MB)  case=TCGA-A6-2672  [0ec3fb59-63cf-4691-be46-15d2a39c8498]
   • TCGA-AA-A01R-01Z-00-DX1.5D2BEC13-8F61-49D4-A96E-4C6C44BD5A38.svs  (1750 MB)  case=TCGA-AA-A01R  [87c3fcd8-8a5c-4797-9dc3-193077082874]
   • TCGA-A6-2672-11A-01-TS1.97b971ff-0048-46cc-8558-3a2471addba4.svs  (71 MB)  case=TCGA-A6-2672  [b6f6d995-1a55-4161-b5be-1dfb5f727f6e]
   • TCGA-A6-2672-01A-01-BS1.aab0019c-99f1-4580-9b12-b5b81e4e8346.svs  (240 MB)  case=TCGA-A6-2672  [f0c20f0d-e277-4b57-b896-125b04329098]
   • TCGA-AA-3538-01A-01-BS1.d16d0717-b87d-43c7-9bdd-65c210b541b8.svs  (38 MB)  case=TCGA-AA-3538  [45459dcb-37aa-4a6b-980f-0bfafde816dd]
   • TCGA-AA-3542-01A-02-BS2.ff91df36-3ecf-496c-9b0a-28e2441487d5.svs  (49 MB)  case=TCGA-AA-3542  [677f090e-d6b7-4e5b-8e2c-953ad9416b56]
   • TCGA-G4-6299-01A-01-TS1.3c01095e-1eec-4319-9d76-2eef156f7214.svs  (87 MB)  case=TCGA-G4-6299  [09ab0b31-7d9c-4f35-ba36-e8e3360248bf]
   • TCGA-G4-6299-01A-01-BS1.f0d2d057-fd89-4144-b426-bd47304c3b69.svs  (154 MB)  case=TCGA-G4-6299  [04c6021e-24a0-45e9-8514-ae45d49eaac4]
   • TCGA-A6-4107-01A-02-BS2.80fb73f0-4029-4aa2-91ac-dd35b540e59d.svs  (103 MB)  case=TCGA-A6-4107  [9baa25bd-c9d1-4280-bc17-43b90fafd4e0]
   • TCGA-A6-4107-01A-01-BS1.f013882e-43a8-4e50-971c-3378948734cd.svs  (106 MB)  case=TCGA-A6-4107  [9c332a81-78c5-4c17-a409-da818aa4e42c]
   • TCGA-A6-A567-01Z-00-DX1.F941874E-9BF7-4E8B-908C-41A638D62275.svs  (812 MB)  case=TCGA-A6-A567  [0b9fadfc-f3ba-4af2-899c-bf804369fd55]
   • TCGA-AA-A00J-01A-01-BS1.1ef4e828-31d8-4583-9543-3e13a810a844.svs  (165 MB)  case=TCGA-AA-A00J  [70723489-5d96-43fb-8ecd-bde16dd808fb]
   • TCGA-D5-6540-01Z-00-DX1.4ca9e502-959b-4fa8-a748-5fd0878e5c3f.svs  (538 MB)  case=TCGA-D5-6540  [17eb2473-7018-474e-ad62-e95be30edcb1]
   • TCGA-D5-6540-01A-01-TS1.7899b2d1-a50d-4855-b7e6-63ff744db107.svs  (47 MB)  case=TCGA-D5-6540  [6a283b8b-39d4-419a-955a-429943392bc3]
   • TCGA-CK-5915-01Z-00-DX1.04650539-005e-4221-90d6-49706b1d7244.svs  (1032 MB)  case=TCGA-CK-5915  [2adbf842-77f4-4fa9-a440-9ef5c53de2fd]
   • TCGA-AA-3856-01Z-00-DX1.973974e7-fcfe-4866-bc0c-50645c6c304b.svs  (591 MB)  case=TCGA-AA-3856  [98b7c182-b122-429c-af4f-45be155b56f8]
   • TCGA-AA-3856-01A-01-BS1.88bb35b2-eae4-4e27-823d-641e10779f22.svs  (84 MB)  case=TCGA-AA-3856  [09c664da-4544-4b77-b76c-6c012260e046]
   • TCGA-A6-5666-01A-01-BS1.3cf37467-0a74-42f7-bb43-4958df450d5b.svs  (176 MB)  case=TCGA-A6-5666  [c06fd491-ce12-462d-9735-9e5991753671]
   • TCGA-A6-5666-01Z-00-DX1.6f2cf971-edcb-415d-9709-feb7422cddc4.svs  (429 MB)  case=TCGA-A6-5666  [962c448f-ab98-45c8-a6cd-43a54a797371]
   • TCGA-AA-A004-01A-01-TS1.85cfa74a-705e-438d-a1a4-c0cfbb480f77.svs  (108 MB)  case=TCGA-AA-A004  [bccfc0fe-ee16-4ee4-be2a-c9bc49c5ef29]
   • TCGA-D5-6930-01A-01-BS1.cfd048c1-54ff-4b66-bb93-3246c341a305.svs  (33 MB)  case=TCGA-D5-6930  [042695b4-84b0-4cf3-a47f-b8e79908586a]
   • TCGA-F4-6704-01A-01-TS1.10aba388-7bb8-4ec2-bd99-71cc3f91b583.svs  (231 MB)  case=TCGA-F4-6704  [7d84c745-f80e-4109-b157-36c5071e669d]
   • TCGA-AU-6004-01Z-00-DX1.12a234b3-1843-47ca-b650-37c1a631f489.svs  (236 MB)  case=TCGA-AU-6004  [5faaf55f-a794-4761-90c7-1b6ac528230c]
   • TCGA-A6-5660-11A-01-TS1.1f720670-597d-4484-bc9c-77b2063714fe.svs  (69 MB)  case=TCGA-A6-5660  [e2b38838-7b1f-4134-ac7e-1ad7c3ef522b]
   • TCGA-AZ-6600-01Z-00-DX1.9afe2f8f-bcfe-43df-a83b-6c183f226757.svs  (934 MB)  case=TCGA-AZ-6600  [b9496405-b480-4dda-9ee9-1aeff378f535]
   • TCGA-AZ-6600-01A-01-TS1.e0060ae0-db72-44b8-b780-b1abce5bfcb5.svs  (573 MB)  case=TCGA-AZ-6600  [95c7fbb7-ff7d-4138-bd86-c29e888052f1]
   • TCGA-AA-3514-11A-01-TS1.161c942b-dd3a-402b-8a92-8e66516e102d.svs  (47 MB)  case=TCGA-AA-3514  [bb1e244b-3b42-488c-a172-746b6f12539f]
   • TCGA-D5-6536-01Z-00-DX1.a4528e3f-770e-4271-9943-d3a8b8bd3e9d.svs  (881 MB)  case=TCGA-D5-6536  [920dba4e-065b-4c9d-b970-b78d033ae12a]
   • TCGA-F4-6856-01Z-00-DX1.2872c7b5-b94d-4147-ad90-69f88668135a.svs  (394 MB)  case=TCGA-F4-6856  [0bdf189f-bfe3-4587-8303-d1905a3822e4]
   • TCGA-D5-6536-01A-01-TS1.62596288-5dc0-40b5-886d-9ea92515ef41.svs  (107 MB)  case=TCGA-D5-6536  [8e687393-1a3f-4530-85dd-4b7f8658ee21]
   • TCGA-D5-5539-01A-01-TS1.905c04bd-e252-4060-a7e6-c6b4f5a9b32a.svs  (67 MB)  case=TCGA-D5-5539  [8ec2a5ca-3e8d-4b5a-8ff2-b6e8dd217bfb]
   • TCGA-A6-5661-01A-01-TS1.7e4fdb37-bdd3-4131-a0a0-1f047a0cddea.svs  (174 MB)  case=TCGA-A6-5661  [82635abc-f5d2-4533-b440-19b574231cd9]
   • TCGA-D5-5539-01Z-00-DX1.9c46fe78-2adb-4f49-9141-cda135c2c90b.svs  (480 MB)  case=TCGA-D5-5539  [00d69f69-3120-4b0c-8985-aab4edf9bc4b]
   • TCGA-AA-3663-01A-01-TS1.9611a946-c783-4e5a-a9b6-1d348fa59239.svs  (34 MB)  case=TCGA-AA-3663  [326f6822-ca5f-4a9f-a4db-d0c940f6686d]
   • TCGA-AA-3663-01Z-00-DX1.9AEDC003-2062-4876-8993-A5CEE4DDE1A9.svs  (12 MB)  case=TCGA-AA-3663  [5fe3d9b5-c3f6-46d7-a06d-84e395017cf6]
   • TCGA-AA-3663-11A-01-TS1.983b7ec9-1eeb-4732-a6ad-fa7953a89bf2.svs  (41 MB)  case=TCGA-AA-3663  [794d27cf-c9fe-4b80-8148-7c59c8c632b0]
   • TCGA-AA-3663-01A-01-BS1.29369de3-d3c2-4712-a8d0-aef23b9eaadc.svs  (67 MB)  case=TCGA-AA-3663  [98305bf8-15cb-42c0-abb3-1026219c0383]
   • TCGA-CK-4951-01A-01-BS1.c82cd279-85dc-4a30-9a24-bda5d0045824.svs  (27 MB)  case=TCGA-CK-4951  [d7d53e64-6fe1-4670-a1ba-bd016d5d7e64]
   • TCGA-CK-4951-01A-01-TS1.aceb0b80-3b79-46f6-8814-84c7f8d0c376.svs  (26 MB)  case=TCGA-CK-4951  [0932749d-a295-493f-a342-abc63abc5145]
   • TCGA-CK-4951-01Z-00-DX1.abdbb15c-fd40-4a55-bf54-5668b3d4ea13.svs  (445 MB)  case=TCGA-CK-4951  [4b7e4329-0b52-4304-9bf4-ebefa608a471]
   • TCGA-AA-3492-01A-01-TS1.0f61e950-62ee-4704-9a05-50736468c249.svs  (91 MB)  case=TCGA-AA-3492  [97012679-1d4f-45c2-a8d2-46813d2b5f1d]
   • TCGA-AA-3492-01Z-00-DX1.32D79909-71D5-4843-847E-AECA5DBC963D.svs  (9 MB)  case=TCGA-AA-3492  [fa3a810e-09c6-4342-8923-1fe70546d9de]
   • TCGA-AA-3492-01A-01-BS1.4972834f-b1c4-4b86-8ab3-4bb88c1430fe.svs  (67 MB)  case=TCGA-AA-3492  [ea0391ea-d4cf-4a14-aa9e-61cb08d4bc63]
   • TCGA-AA-3492-11A-01-TS1.1d7fa1d7-fcef-47c2-b833-113508db8301.svs  (42 MB)  case=TCGA-AA-3492  [108561ad-baa8-4a7f-ab20-654954bace9d]
   • TCGA-CK-6751-01A-01-BS1.dbd777bd-ea7f-46ee-bf05-7816fd831e08.svs  (58 MB)  case=TCGA-CK-6751  [42ea949f-26b3-4d20-9280-f01f8cf3269e]
   • TCGA-CK-6751-01Z-00-DX1.df9e123a-c44c-4cc5-82de-ba7c4dbcb444.svs  (483 MB)  case=TCGA-CK-6751  [9cea4fba-125a-43ca-bc06-49d5b24daa4f]
   • TCGA-CK-6751-01A-01-TS1.21e697e6-dab5-4252-9de1-842ee9fb6f09.svs  (26 MB)  case=TCGA-CK-6751  [1b395cfb-f26a-4bf2-bac9-2a31b2d50dde]
   • TCGA-AA-3684-01A-02-BS2.d0175239-f329-49cf-a79b-a8416acaa0f9.svs  (159 MB)  case=TCGA-AA-3684  [01133468-fb29-474e-9de9-456001ed1f1f]
   • TCGA-AA-3684-01A-01-BS1.2721c431-ad34-4ef1-953c-2b92ccac8cf0.svs  (126 MB)  case=TCGA-AA-3684  [02c1ae83-ba51-4fc1-bf71-18e9806a2812]
   • TCGA-DM-A1HB-01A-02-TSB.F6CC84F1-2C02-41F3-8A69-033CAED7AEF5.svs  (346 MB)  case=TCGA-DM-A1HB  [8393085d-58a3-4a9b-bc0a-ea888203e409]
   • TCGA-F4-6855-01A-01-TS1.a56af2eb-0f1f-4449-a6b7-efc6b476a1be.svs  (155 MB)  case=TCGA-F4-6855  [a13b63a9-9c16-4ac2-859f-906379942ef8]
   • TCGA-AA-3846-01Z-00-DX1.d6233d91-4d33-424a-99c1-8173fbeb5090.svs  (117 MB)  case=TCGA-AA-3846  [565a064e-24e6-4981-b6d0-03e15fff255d]
   • TCGA-AA-3846-01A-01-TS1.971293f6-99c1-41f7-a268-106c9500ffb4.svs  (62 MB)  case=TCGA-AA-3846  [feef6596-c248-49e3-8219-0cc8efb901bc]
   • TCGA-AU-3779-01A-01-BS1.12402f28-75d4-4b6d-b678-1ec62a345dc0.svs  (21 MB)  case=TCGA-AU-3779  [7fc283ef-a833-48b0-a15b-d31b1dac783c]
   • TCGA-CM-6166-01A-01-TS1.098b11fd-ceb3-4dc0-90cd-4a68724f6623.svs  (391 MB)  case=TCGA-CM-6166  [db253a95-5d5f-4fa6-8bdd-81ddca0f7345]
   • TCGA-AA-3667-01A-01-TS1.d5e431cf-e900-4263-a035-9d177e693f2a.svs  (41 MB)  case=TCGA-AA-3667  [e5e1e4a8-c402-4d4a-af8b-9fa4098107a3]
   • TCGA-AZ-6606-01A-01-BS1.09d0e2e1-7463-4bd3-89bd-bf2e5059be8a.svs  (485 MB)  case=TCGA-AZ-6606  [e25e0ecf-b879-4a87-bf21-2d725be7e44e]
   • TCGA-AZ-6606-11A-01-TS1.e7fd3cba-ff84-42e5-b933-f1523dda753b.svs  (113 MB)  case=TCGA-AZ-6606  [0729bdc3-edbc-4e39-b0d5-2be56866d3d8]
   • TCGA-NH-A8F8-01A-07-TS7.9958E490-3B34-402C-BE8C-195231E96196.svs  (470 MB)  case=TCGA-NH-A8F8  [3f84584c-4d4c-4bc8-a9a1-b4b97bb06811]
   • TCGA-G4-6315-01A-01-BS1.6ecdb6f1-a461-4ef9-bdab-f60558a10275.svs  (132 MB)  case=TCGA-G4-6315  [d36c3e0b-e8ac-44b9-9c90-6519c7975fb4]
   • TCGA-G4-6309-01A-01-BS1.36d05f6a-4e94-406f-8a9b-653703e4d71d.svs  (124 MB)  case=TCGA-G4-6309  [e946bacc-3fbb-4b86-9447-adb029c3b455]
   • TCGA-G4-6309-01Z-00-DX1.3eb20fdc-eb86-4bd5-8194-76b02d4fa472.svs  (653 MB)  case=TCGA-G4-6309  [3bcf18c0-708e-45ca-bd05-99ceca10dbfe]
   • TCGA-AA-3956-01Z-00-DX1.9438cc23-9537-424c-9a70-852919548387.svs  (265 MB)  case=TCGA-AA-3956  [7c653c1e-b9ea-41db-a4d0-8d409769e22b]
   • TCGA-AA-3956-01A-01-BS1.b31b68b4-d742-494b-9703-68242e98603d.svs  (94 MB)  case=TCGA-AA-3956  [ecb1e14b-5dcf-4fdd-b901-716493f35820]
   • TCGA-AA-3956-01A-02-BS2.5d2bf25e-a4ca-481d-be55-fb1022e2017a.svs  (38 MB)  case=TCGA-AA-3956  [be20a337-3f8d-427b-91bc-94bcaa5c60eb]
   • TCGA-AY-6196-01A-01-TS1.bf372773-3f7d-474a-8b0b-f5db92f91bde.svs  (136 MB)  case=TCGA-AY-6196  [b4f1b48f-f728-417e-a746-4d0d4306ac80]
   • TCGA-AY-6196-01Z-00-DX1.747B47B0-386A-4BA9-A8B7-274F1699D15E.svs  (719 MB)  case=TCGA-AY-6196  [9486ce7d-c24d-4efe-955f-5610b76669aa]
   • TCGA-AY-6196-01A-01-BS1.689ee36f-1005-4307-bb64-d4924b419522.svs  (70 MB)  case=TCGA-AY-6196  [5ab31677-5189-4426-a132-b75d51fb4a5f]
   • TCGA-DM-A280-01Z-00-DX1.e7cfcec1-e284-4b94-80c2-cbb3186f7c6f.svs  (1706 MB)  case=TCGA-DM-A280  [ac864132-d7f0-4587-9841-f78e89e72acf]
   • TCGA-DM-A280-01A-01-TSA.67F5279F-B1D3-43B7-9818-FA454405C75D.svs  (167 MB)  case=TCGA-DM-A280  [af34de91-3e57-4df2-8f4c-ae7fa8278c61]
   • TCGA-QG-A5YV-01A-01-TSA.B81997A0-3519-4647-9CBB-A8E62A31E839.svs  (266 MB)  case=TCGA-QG-A5YV  [be6d2c93-89f6-4646-994d-5c940d6bd1a0]
   • TCGA-QG-A5YV-01Z-00-DX1.9B7FD3EA-D1AB-44B3-B728-820939EF56EA.svs  (1935 MB)  case=TCGA-QG-A5YV  [f69aeb1a-626a-4dfa-bf5f-60ff674f26aa]
   • TCGA-CK-5913-01Z-00-DX1.64d267c5-895f-4274-9d98-bfd2d338aee2.svs  (1044 MB)  case=TCGA-CK-5913  [aa8f15ca-4f2a-44ed-baf0-2288fab2b63b]
   • TCGA-AA-3877-01A-01-BS1.4c560d4b-e341-4859-a934-de08423a948c.svs  (66 MB)  case=TCGA-AA-3877  [1579826b-2713-4a05-aa4c-a54846e97a84]
   • TCGA-AA-3877-01Z-00-DX1.36902310-bc0b-4437-9f86-6df85703e0ad.svs  (322 MB)  case=TCGA-AA-3877  [754bec03-2e61-4652-b373-3e1f66001809]
   • TCGA-AA-3877-01A-01-TS1.60037e45-e0b4-416c-a483-71558aec3ae4.svs  (60 MB)  case=TCGA-AA-3877  [435647a5-58f6-44ca-872f-e2f4adfd33dd]
   • TCGA-AA-A02J-01A-02-BS2.7423a6db-fd83-4b86-9488-6eb6109b3fe8.svs  (482 MB)  case=TCGA-AA-A02J  [fd2e39ee-04e8-43cf-aaa1-76f6a8413f4a]
   • TCGA-AA-A02J-01A-01-BS1.da35cef8-3692-4ef4-b0f1-447cd0f9e667.svs  (262 MB)  case=TCGA-AA-A02J  [8a42fa38-0313-44e6-8ade-b34a1cc8556a]
   • TCGA-AA-A02J-01Z-00-DX1.1326204B-9264-482C-9F75-795DD085C0DF.svs  (812 MB)  case=TCGA-AA-A02J  [c471b932-b3ef-428c-8349-abff0a6d375a]
   • TCGA-AA-A02J-01A-01-TS1.90040401-683d-4bc6-a1fb-a6f860835460.svs  (212 MB)  case=TCGA-AA-A02J  [6d3b10fa-e71a-4e06-88d3-4ff123df5265]
   • TCGA-F4-6854-01A-01-TS1.7be0f38e-08fc-4bfb-ad12-24fa03e490f1.svs  (235 MB)  case=TCGA-F4-6854  [a6c749f0-77f0-4276-8de3-2f46d4e0e07a]
   • TCGA-F4-6854-01A-01-BS1.3f102306-747a-485f-8f28-235c0d234b0d.svs  (264 MB)  case=TCGA-F4-6854  [a6fa48b6-a673-418a-b086-d5cd3e6e823d]
   • TCGA-F4-6854-01Z-00-DX1.a4d18769-1632-41e4-b49d-4a88d36e21ab.svs  (278 MB)  case=TCGA-F4-6854  [a83b7423-32c7-45e0-953d-91566c6eb432]
   • TCGA-AA-A00O-01Z-00-DX1.6787693F-6E3E-479A-A4DE-44186659285F.svs  (338 MB)  case=TCGA-AA-A00O  [a7a52fb9-3775-4211-9d9d-6506f9db54f4]
   • TCGA-AA-A00O-01A-02-BS2.4f9e5c2d-238b-43a0-a39a-67167b912169.svs  (130 MB)  case=TCGA-AA-A00O  [ffae41d2-1c05-42d6-b9a1-c8947664dfdb]
   • TCGA-AA-A00O-01A-01-MS1.56c46ab6-d023-4ad5-8b58-a55f95d71d2d.svs  (269 MB)  case=TCGA-AA-A00O  [85e10f64-77b9-48b5-ba3f-5ee56bb3042c]
   • TCGA-AA-A00O-01A-01-BS1.2afa8362-ea16-4a70-a837-99cea5c1d4ea.svs  (95 MB)  case=TCGA-AA-A00O  [a679d695-0e30-4acc-b571-43ff77354c0d]
   • TCGA-DM-A28F-01A-01-TSA.EDC6440D-97F7-4DB5-9DE8-AF51227A776C.svs  (141 MB)  case=TCGA-DM-A28F  [e336d0f7-f0f9-4fef-9eb3-2ff43da0ca7a]
   • TCGA-DM-A28F-01Z-00-DX1.3ebf56a0-8f55-4681-bc7f-1e20d802a966.svs  (982 MB)  case=TCGA-DM-A28F  [28515fea-02da-4b19-9554-6cd9cc55a3d2]
   • TCGA-NH-A6GC-01Z-00-DX1.29073D7E-5EEF-4BBA-96BE-DC8C69924C42.svs  (1240 MB)  case=TCGA-NH-A6GC  [ea9736d6-504b-458a-9361-605ce755aef6]
   • TCGA-NH-A6GC-06Z-00-DX1.5F90CBDB-794B-498D-B75F-60EBDE17B22A.svs  (1247 MB)  case=TCGA-NH-A6GC  [3c258af5-5104-48f2-97e0-e5e61c27d0d3]
   • TCGA-NH-A6GC-01A-01-TS1.D20A3FB1-5383-4095-AAEE-B3AA50A784CA.svs  (147 MB)  case=TCGA-NH-A6GC  [d3d6f494-a284-4094-8e5a-1065cf7502b7]
   • TCGA-AA-A010-01A-05-BS5.6a9e0bb7-8041-4459-a6d5-2bc223c51215.svs  (492 MB)  case=TCGA-AA-A010  [5f9efb30-3520-4b4f-bd93-4608c1c2951b]
   • TCGA-AA-A010-01A-01-MS1.cc02529c-9f7b-4a2f-82d2-7f1fdb37014f.svs  (309 MB)  case=TCGA-AA-A010  [1ad4bf2a-8d0e-4faa-83a5-09af35900502]
   • TCGA-AA-A010-01A-01-TS1.5ff41017-6bc9-4514-a63a-d66c30a3aea6.svs  (122 MB)  case=TCGA-AA-A010  [4b9b7066-1c3e-48f1-a23d-6e76487b4c45]
   • TCGA-A6-2675-11A-01-TS1.58e6f457-c41e-4d62-ab99-94d5f8efab83.svs  (60 MB)  case=TCGA-A6-2675  [657fda6b-c9f9-4bf4-b83b-92c99fd43a6e]
   • TCGA-A6-2675-01A-02-BS2.a9e138ec-4dc0-4dd5-a581-61b2aafcf274.svs  (128 MB)  case=TCGA-A6-2675  [f9ec92f3-5f8b-4e1c-acf7-88dcc6fe8b9e]
   • TCGA-A6-2675-01A-01-BS1.1ae33744-aaf8-4358-9014-efb21121a961.svs  (99 MB)  case=TCGA-A6-2675  [4b7cb669-724b-48e0-a655-f2110bf81bc6]
   • TCGA-AA-3519-11A-01-TS1.b30dad08-e97e-4ffc-955a-6d3a58a32970.svs  (74 MB)  case=TCGA-AA-3519  [96f96a04-09c8-410a-92fa-410667d17772]
   • TCGA-AA-3519-01A-01-BS1.e4561839-ec60-4f2a-9375-68e2696e71c8.svs  (153 MB)  case=TCGA-AA-3519  [a027aadc-e3b8-436c-bac5-06043e7edd02]
   • TCGA-AA-3519-01Z-00-DX1.82e03504-31d8-43d5-8d3f-01d9016af0fe.svs  (328 MB)  case=TCGA-AA-3519  [a7aa17d3-4cc1-4547-9da8-7106c45b148b]
   • TCGA-AA-3519-01A-02-BS2.cca0f150-ac26-4e91-b8fa-db1070b7cd9b.svs  (96 MB)  case=TCGA-AA-3519  [26907f33-79cf-4322-b79b-a0ae1b14ae42]
   • TCGA-D5-6922-01A-01-TS1.6581ec04-ba19-49b3-8ae8-04b4259a8a53.svs  (8 MB)  case=TCGA-D5-6922  [f4eeef91-4fa4-4995-925c-5cf9821da96c]
   • TCGA-D5-6922-01Z-00-DX1.6c11a531-71a3-45ff-b01a-49719b6a195c.svs  (117 MB)  case=TCGA-D5-6922  [c280054b-b07d-4bfb-a32e-4fbe60831acd]
   • TCGA-D5-6922-01A-01-BS1.f5f8db9a-34a4-487c-980f-08f0ce399624.svs  (120 MB)  case=TCGA-D5-6922  [36553246-2903-4498-a184-35700719e506]
   • TCGA-G4-6323-01A-01-BS1.98593bf4-ab43-4eca-ab45-eef9bdea745a.svs  (43 MB)  case=TCGA-G4-6323  [50adcb79-a1b1-4712-ab69-31ec9ca65ae6]
   • TCGA-G4-6323-01A-01-TS1.8fc1f6cf-1287-4a05-8666-4ddaa89937f3.svs  (135 MB)  case=TCGA-G4-6323  [993ba785-cdc6-4ed6-950a-a5790cece624]
   • TCGA-G4-6323-01Z-00-DX1.f97c27a6-9fbe-4a81-b4aa-020c25279449.svs  (475 MB)  case=TCGA-G4-6323  [50e5358f-6e30-4d47-8142-15a0cb821c49]
   • TCGA-AA-A01V-11A-01-TS1.e19f0776-2ee6-4fea-8dee-0f007c061048.svs  (39 MB)  case=TCGA-AA-A01V  [d2c4ba78-0ba9-477a-b445-822a88744193]
   • TCGA-AA-A01V-01A-01-BS1.8ac73c9a-b78c-4c02-95e2-6077a0d70711.svs  (369 MB)  case=TCGA-AA-A01V  [e2062ffb-3fbf-4107-bae1-29734471494b]
   • TCGA-AA-A01V-01Z-00-DX1.1AC200C2-F577-421D-B91F-F0A7251C3D90.svs  (1619 MB)  case=TCGA-AA-A01V  [38d409ab-73c7-4c38-91bc-e86ee83a404c]
   • TCGA-AA-A01V-11A-01-BS1.afbf5de1-e358-4bb4-bbac-72e5ed594e76.svs  (84 MB)  case=TCGA-AA-A01V  [b09edeb1-97c5-4843-bc67-5afc264c6426]
   • TCGA-AA-A01V-01A-02-BS2.e2c69097-9c6e-433a-926f-fa71dc9213f3.svs  (222 MB)  case=TCGA-AA-A01V  [6b0a8f64-cd57-4b3a-8842-cfe975fcbff9]
   • TCGA-AA-A00K-01A-02-BS2.ba93c3f0-ba7e-4809-ab8c-9c4debe69324.svs  (218 MB)  case=TCGA-AA-A00K  [07f4b5a2-6e22-4b0f-ba7a-433171a3f356]
   • TCGA-AA-A00K-01A-01-BS1.cf79a80b-73be-4997-993f-9446f031df90.svs  (158 MB)  case=TCGA-AA-A00K  [3d9f25a1-7083-4e67-a304-0c5fa1cbab94]
   • TCGA-AA-A00K-01Z-00-DX1.25BD5724-7D30-4885-A3F9-D94FAED92984.svs  (707 MB)  case=TCGA-AA-A00K  [97d5443f-9bcd-4ae9-96a1-68d76d2ecb68]
   • TCGA-A6-6651-01Z-00-DX1.09ad2d69-d71d-4fa2-9504-80557a053db4.svs  (259 MB)  case=TCGA-A6-6651  [16dd80c6-0980-48a3-af88-4bf03cf71fce]
   • TCGA-A6-2679-01A-02-BS2.f34d3f79-d036-468e-a488-20be2d61073a.svs  (46 MB)  case=TCGA-A6-2679  [b60e26de-e3b2-41f6-9424-a77cd5702162]
   • TCGA-AD-5900-01A-01-TS1.69af31d3-b4b0-4e2c-a6ae-aa22b9d1ca98.svs  (36 MB)  case=TCGA-AD-5900  [a36258f6-fc31-45e8-b135-2e00c60e274f]
   • TCGA-AA-A00A-01A-01-TS1.99d7d96b-1275-44ab-b4de-f82224f6e552.svs  (81 MB)  case=TCGA-AA-A00A  [d6b5797e-c722-4db4-a0a4-114e79122c29]
   • TCGA-AA-3495-01Z-00-DX1.67DEE36B-724E-4B4F-B3A9-B4E8CCCEFA80.svs  (10 MB)  case=TCGA-AA-3495  [daff3278-bdad-4db0-96c8-290918dd99ac]
   • TCGA-AA-3495-11A-01-TS1.891b0dfc-b3d5-4da5-bbfe-0951ac25fde7.svs  (134 MB)  case=TCGA-AA-3495  [3b216977-200d-4778-b1cd-732543c7b97c]
   • TCGA-AA-3495-01A-01-TS1.d9497972-768d-4159-95ce-05e25920a0b3.svs  (25 MB)  case=TCGA-AA-3495  [5d495c86-f284-45c9-8d6f-68c0c586abb7]
   • TCGA-AA-3851-01A-01-BS1.48b72f94-ec1e-4591-a638-86306e4db32f.svs  (81 MB)  case=TCGA-AA-3851  [9284498b-7679-460b-9927-94462627919b]
   • TCGA-F4-6460-01A-01-BS1.9bf2488f-92ae-4f12-9734-228792ee41f6.svs  (627 MB)  case=TCGA-F4-6460  [b3aaaa80-542c-4098-935a-9923bff4e9f0]
   • TCGA-F4-6460-01Z-00-DX1.92a182ea-f22a-4d74-bfb6-34d3cd757dce.svs  (690 MB)  case=TCGA-F4-6460  [c62ad85b-43f6-44f5-9924-bfafb73aeafe]
   • TCGA-F4-6460-01A-01-TS1.b5264123-aebd-457c-aafb-4a7047359115.svs  (228 MB)  case=TCGA-F4-6460  [7c798ee4-b0f7-4a3e-8820-ee99efa0bf2a]
   • TCGA-AA-3548-01Z-00-DX1.41949ab5-79f2-4729-9d54-c0fca1daf124.svs  (328 MB)  case=TCGA-AA-3548  [5aa1b035-0a9e-4245-abba-2ad841f6955a]
   • TCGA-AA-3548-01A-01-TS1.940a3226-aa45-4035-807a-e93134c38ebe.svs  (135 MB)  case=TCGA-AA-3548  [9164b07a-19c6-4035-a41c-133db0a9a373]
   • TCGA-AA-3548-01A-01-BS1.f7225d56-cd66-4e64-bce9-10c01980da7c.svs  (118 MB)  case=TCGA-AA-3548  [16e6b8c5-5cf6-49a3-a2ff-8cca4411f28c]
   • TCGA-D5-5540-01Z-00-DX1.4e4c69ca-f736-4db3-a401-c4f814d975dd.svs  (512 MB)  case=TCGA-D5-5540  [1f590735-088d-4821-85d1-599b77725221]
   • TCGA-D5-5540-01A-01-TS1.ccc6ddda-98cc-4724-9723-e9eefc4b0e0a.svs  (87 MB)  case=TCGA-D5-5540  [a370912b-5882-4996-be31-fa5406eceb9e]
   • TCGA-AA-3977-01A-01-BS1.47013e2c-8cde-496e-9323-a26ac5b6e46d.svs  (60 MB)  case=TCGA-AA-3977  [fc398eda-5898-4e96-9140-b90bd581fbf9]
   • TCGA-AA-3977-01A-01-TS1.a2e2acea-64de-40e7-88b1-f0aafa63ac71.svs  (19 MB)  case=TCGA-AA-3977  [1089d7ed-2b5c-47bb-9b84-d14df9f3ec05]
   • TCGA-AA-3977-01Z-00-DX1.08ffa326-08fd-4215-9bf7-81fcf33b4f5a.svs  (137 MB)  case=TCGA-AA-3977  [176f2cac-68c9-42fd-bc5f-7d096ecdd069]
   • TCGA-CM-6161-01Z-00-DX1.552104aa-6fd7-4d53-918b-fe67d359815c.svs  (966 MB)  case=TCGA-CM-6161  [a45a2571-20b3-4f8d-b7fb-a210ec8fec52]
   • TCGA-CM-6161-01A-01-TS1.4d1aea70-283d-4448-b58d-846205a9baa5.svs  (317 MB)  case=TCGA-CM-6161  [08e87d81-be2c-4681-b361-5c49d341f013]
   • TCGA-CM-6161-01A-01-BS1.0512318a-47d0-45d4-bc75-417b77a01ffc.svs  (738 MB)  case=TCGA-CM-6161  [dcdd17ba-28a6-4064-bbdc-688d322c19c6]
   • TCGA-AA-A02E-01A-01-BS1.e67a8f65-c8c5-4430-8c45-b1810f819154.svs  (275 MB)  case=TCGA-AA-A02E  [a672147f-7d09-46d0-8733-318fba31f6b5]
   • TCGA-AA-A02E-01Z-00-DX1.04D47621-9DCF-437C-A4D6-44D17579FE6D.svs  (609 MB)  case=TCGA-AA-A02E  [25d00401-5200-417f-8955-ddba65eebdb7]
   • TCGA-AA-A02E-01A-01-TS1.af5b20f3-ed0b-480f-b8e7-5563ea039bcd.svs  (351 MB)  case=TCGA-AA-A02E  [90ce564b-eab9-473d-8b01-b260025ec3b5]
   • TCGA-AA-A02E-01A-02-TS2.2873ffcc-c5bc-4198-9651-a986acb88e44.svs  (218 MB)  case=TCGA-AA-A02E  [9ab7837c-c840-46f5-b092-63ca772b4ee0]
   • TCGA-AA-A02E-01A-02-BS2.8b4e58b7-0211-45f2-b4c9-3569f15298b2.svs  (352 MB)  case=TCGA-AA-A02E  [a21e94fe-fce0-4919-9873-cdcdba6b7e53]
   • TCGA-AY-6386-01A-01-BS1.f8024e0a-bc09-4436-be0b-7f5a20195d43.svs  (65 MB)  case=TCGA-AY-6386  [2418574e-be19-40a9-8666-ba5423ce2316]
   • TCGA-AY-6386-01Z-00-DX1.2B976983-5724-4335-8B47-9B44271B0A01.svs  (340 MB)  case=TCGA-AY-6386  [e79cfeea-cbff-46fa-8538-7f2527af70aa]
   • TCGA-D5-6541-01A-01-BS1.0b77ea54-7cb9-4e63-98f8-57655c2e3ad7.svs  (76 MB)  case=TCGA-D5-6541  [48244185-6970-4ff9-ac79-0e69684b3558]
   • TCGA-CK-5916-01A-01-BS1.bc3ae82a-953b-4df0-aa42-6d009b7e9259.svs  (63 MB)  case=TCGA-CK-5916  [2ed7530a-d34a-45a0-92cd-2a9240a592be]
   • TCGA-AA-3869-01Z-00-DX1.ef8b8cf0-5de5-4475-ac37-286d58604a0f.svs  (230 MB)  case=TCGA-AA-3869  [115cba1c-9950-4067-a213-3f7963b51960]
   • TCGA-AA-3869-01A-01-TS1.1a4a6173-d9d5-4f98-93ed-5f3fb253153f.svs  (68 MB)  case=TCGA-AA-3869  [796320ba-910d-4bf5-99ce-5573007836e3]
   • TCGA-D5-6541-01Z-00-DX1.b342c06b-8c59-4218-82f5-388568037e41.svs  (779 MB)  case=TCGA-D5-6541  [65d4d30f-b02d-43b1-be7e-ea8da14e0f88]
   • TCGA-CA-5797-01A-01-TS1.5cca1780-8c20-42b1-9e10-1441c5b512b9.svs  (177 MB)  case=TCGA-CA-5797  [b17a7665-27f1-40fa-ac78-ef96710ac57a]
   • TCGA-AA-3982-01A-01-BS1.f05a28d5-2699-435c-9fa2-506ec0f68a44.svs  (91 MB)  case=TCGA-AA-3982  [b3cd4563-4d0c-4c47-bdf4-fa45d0cde31a]
   • TCGA-CK-5914-01Z-00-DX1.dfa6d814-6ddb-4058-a236-d57303cbfbe9.svs  (683 MB)  case=TCGA-CK-5914  [98cf0323-7ab5-4057-963f-f927f9619a28]
   • TCGA-AA-3982-01Z-00-DX1.2d2e4de6-5b8e-4fbb-a9a8-4fbb48b5492a.svs  (301 MB)  case=TCGA-AA-3982  [5f586d76-05de-458a-a62c-4989fa79ddcb]
   • TCGA-A6-6141-01Z-00-DX1.34b5db5c-74df-47d9-bb89-beec93ded868.svs  (122 MB)  case=TCGA-A6-6141  [544b2a2e-17e4-4fde-b6ca-696d6dde973e]
   • TCGA-CM-5864-01A-01-TS1.40e81e68-4635-4618-8eea-ea366a06f23f.svs  (287 MB)  case=TCGA-CM-5864  [9a285578-bf89-4e53-bfdb-09e26d7b79fe]
   • TCGA-D5-6931-01Z-00-DX1.c1d00654-b5ff-4485-90a6-97ae9e7bd7fa.svs  (265 MB)  case=TCGA-D5-6931  [32409f33-aef7-4e0c-bf57-efac8614835c]
   • TCGA-G4-6297-01A-01-TS1.f1958d83-6757-4f5d-a37a-1ba4718b6c46.svs  (136 MB)  case=TCGA-G4-6297  [d539ab2e-412f-407c-aade-32ed0f97ff2d]
   • TCGA-G4-6297-01Z-00-DX1.3e37fa8b-c10e-4e44-9933-5bcbbe088fe0.svs  (905 MB)  case=TCGA-G4-6297  [aa21c004-1a95-43df-8523-a64f6e9e73ea]
   • TCGA-AA-A00F-01Z-00-DX1.7E748515-2D18-4061-AF9A-E1446E44E7B8.svs  (253 MB)  case=TCGA-AA-A00F  [b1a1c99c-e3f9-4190-a0b8-06dddbc1ed79]
   • TCGA-AA-A00F-01A-01-TS1.29d95f59-8040-463f-bb4d-b5f3e87bdc58.svs  (84 MB)  case=TCGA-AA-A00F  [4aef029c-5a7a-4cd8-bc9a-944cb13db130]
   • TCGA-G4-6297-01A-01-BS1.f781af7c-fa7d-4f4a-8a48-3109962da419.svs  (127 MB)  case=TCGA-G4-6297  [ce7a2d72-0821-4ca0-b4dc-4e7de0590cc1]
   • TCGA-G4-6297-11A-01-TS1.82d7f281-d7e8-4180-a639-1458e691897d.svs  (27 MB)  case=TCGA-G4-6297  [9e08dfc1-f910-4a6b-b3a4-5c5acee21a1d]
   • TCGA-AA-3494-01A-01-BS1.31cb3ba6-a06c-45cd-a72a-49ad2e32d937.svs  (19 MB)  case=TCGA-AA-3494  [569d0174-8ffc-4a36-9afa-e6e236ee2f91]
   • TCGA-AA-3494-11A-01-TS1.267c284b-be17-427d-b505-3c652c2f4ad1.svs  (85 MB)  case=TCGA-AA-3494  [31a14c23-e214-4fe8-813a-ceadb30b1c32]
   • TCGA-AA-3488-11A-01-TS1.c047bf9a-7117-4775-983d-ba928ed661f5.svs  (93 MB)  case=TCGA-AA-3488  [83813116-bffd-4b30-a9ed-8c48a62a3f3d]
   • TCGA-AA-A02H-01A-01-TS1.f4fad26a-c882-4116-b58e-df2ae0336ffb.svs  (223 MB)  case=TCGA-AA-A02H  [0929ba98-ccf1-4417-84e8-75f384aff1c3]
   • TCGA-AA-3488-01A-01-BS1.320047b8-4bfe-459b-8446-7f8829e25bb1.svs  (44 MB)  case=TCGA-AA-3488  [d51a0a45-ecff-4031-a67d-ecb14895bd11]
   • TCGA-AA-A02H-01Z-00-DX1.5343879F-6C5D-48B3-8D78-D895ED118F42.svs  (787 MB)  case=TCGA-AA-A02H  [e95e537b-3824-421d-9003-4a6e39a0a342]
   • TCGA-AA-A01G-01A-02-BS2.fdfba822-210e-4470-8e25-4827f6681931.svs  (500 MB)  case=TCGA-AA-A01G  [3a490bf8-7fb4-4ef4-84b8-81ae3a48770b]
   • TCGA-AY-4070-01A-01-TS1.029e7809-f83d-45cc-b3dd-2bf04f8f3541.svs  (33 MB)  case=TCGA-AY-4070  [cb0a3eeb-14c8-467b-bb05-29e935ba21a8]
   • TCGA-AA-3852-01Z-00-DX1.d662015f-398d-4a98-b384-46221070da2f.svs  (184 MB)  case=TCGA-AA-3852  [ba605d84-5a10-4c72-bb0d-a64c94e6deca]
   • TCGA-AA-3852-01A-01-TS1.08adef01-addd-4dd4-95aa-450ce8affb65.svs  (81 MB)  case=TCGA-AA-3852  [460aaaf7-7db9-4c7b-bf29-26faf48c1759]
   • TCGA-DM-A0X9-01A-01-BS1.dc10c465-5b57-48ae-81f5-e595deac8468.svs  (236 MB)  case=TCGA-DM-A0X9  [53e42cc4-ed0e-4ec2-a22b-68359d50d035]
   • TCGA-CK-6747-01A-01-BS1.86e3d699-3967-4739-a657-5789d273f173.svs  (35 MB)  case=TCGA-CK-6747  [9729f3db-3bd5-42a3-b5ff-7f8f450b342b]
   • TCGA-AA-A02R-01A-01-BS1.2c572b74-d497-4ee0-8d41-89d3c2b65e6b.svs  (154 MB)  case=TCGA-AA-A02R  [9df27a1e-bcf1-4bb9-91f5-5e7b90444db7]
   • TCGA-CK-6747-01A-01-TS1.b300f401-cb58-457b-9115-61a6850bf193.svs  (54 MB)  case=TCGA-CK-6747  [ee736237-0725-4348-bf3c-5eeb6e6131a1]
   • TCGA-CM-6679-01Z-00-DX1.b3a899df-256a-4546-9428-a6dd2695b2cf.svs  (990 MB)  case=TCGA-CM-6679  [af585d94-6f4d-44f7-ad96-6ada1e9fcad6]
   • TCGA-CM-6679-01A-01-TS1.6fbabb32-470f-4fc2-9a73-3a40e1237988.svs  (29 MB)  case=TCGA-CM-6679  [f29a3c57-4f56-4dd8-a9e1-aeaf08d8094c]
   • TCGA-WS-AB45-01Z-00-DX1.1FD99E7A-830F-40DC-98CD-53C62C678AC6.svs  (1112 MB)  case=TCGA-WS-AB45  [f1d67a87-f8cd-49e7-803b-e686e5aee85f]
   • TCGA-AA-3509-01Z-00-DX1.EAE46823-3132-486F-8C2A-C0F548A08335.svs  (11 MB)  case=TCGA-AA-3509  [3ac10c45-4096-4839-982d-3019e77587db]
   • TCGA-AA-3509-11A-01-TS1.ffdfae15-b16d-4596-bddf-d4e20d89314c.svs  (42 MB)  case=TCGA-AA-3509  [30d4f607-2943-4aad-81b7-d1cb515bb78a]
   • TCGA-AA-3509-01A-01-TS1.eb7e71d2-7f87-4a46-b806-ce309fa5de32.svs  (82 MB)  case=TCGA-AA-3509  [1863b496-96d4-44f1-a33e-d141aef3b14a]
   • TCGA-AA-3509-01A-01-BS1.f710bcf7-3e88-4dfa-90d2-3ec8a37bd901.svs  (39 MB)  case=TCGA-AA-3509  [7a9862be-a49f-4538-9bd8-2bead39fca9f]
   • TCGA-AZ-5403-01Z-00-DX1.1c557fea-6627-48e9-abb9-79da22c40cef.svs  (833 MB)  case=TCGA-AZ-5403  [bc747420-7064-416a-a0f9-bc866553971a]
   • TCGA-AA-3941-01A-01-TS1.5ab46553-dc97-4937-a21c-49a9fb945d8f.svs  (55 MB)  case=TCGA-AA-3941  [38c28034-2dd2-4f05-9444-2bb07ef66f1c]
   • TCGA-AA-3941-01Z-00-DX1.7c445fb8-53ee-4813-9ca8-8f7c3cc0bdde.svs  (415 MB)  case=TCGA-AA-3941  [0bd355d5-4062-42ba-88e4-30af0dd8f1e6]
   • TCGA-AA-3502-01A-01-TS1.2752e7b4-8259-4e22-9078-f655cc80dbbc.svs  (53 MB)  case=TCGA-AA-3502  [e6c9ff79-8845-42a4-8fe4-31fcf3ce25bf]
   • TCGA-DM-A28E-01Z-00-DX1.4381ffe6-3918-4fdd-b192-000f2b737b22.svs  (1326 MB)  case=TCGA-DM-A28E  [d9984adc-6367-49bc-9a7a-f9787db08be4]
   • TCGA-AA-3502-01A-01-BS1.aa6f26fe-ab50-4d23-a14f-3f3f0742b64c.svs  (126 MB)  case=TCGA-AA-3502  [179cd09d-2011-4a95-8829-e46f0764b9d3]
   • TCGA-A6-3809-11A-01-TS1.ca0ed29f-23cc-476a-b69c-52b4077da741.svs  (268 MB)  case=TCGA-A6-3809  [334e302a-66a3-4254-8644-ec0424b25498]
   • TCGA-AZ-6605-11A-01-TS1.547eaae8-84a5-4700-9642-328e0b90488b.svs  (368 MB)  case=TCGA-AZ-6605  [d99e1b0b-cb51-41f1-b5f8-1ebeb400b41a]
   • TCGA-AZ-6605-01Z-00-DX1.4d634c3e-a1c0-42e1-a4d6-5980eddfa0ca.svs  (824 MB)  case=TCGA-AZ-6605  [6198072f-e4be-4fbd-8802-2a03df6ca140]
   • TCGA-A6-3809-01A-01-BS1.44ed8b6b-5fcc-4274-9963-e54dc460c82e.svs  (74 MB)  case=TCGA-A6-3809  [8146631c-4331-4f92-b452-2629b6bb8dda]
   • TCGA-A6-3809-11A-01-BS1.6c172e19-22b2-445b-afa8-a6aa8ba01421.svs  (113 MB)  case=TCGA-A6-3809  [1e3c55fe-6fa9-4fcc-940e-b7a84f5d80d9]
   • TCGA-AZ-6605-01A-01-BS1.c46d9d44-ee99-4bab-9450-6783def02588.svs  (44 MB)  case=TCGA-AZ-6605  [f4febe2a-7a7f-4d7b-a89d-f7d3e2bad217]
   • TCGA-DM-A1D4-01A-02-TSB.45fe41f3-fd92-4708-aded-ec72501e0b15.svs  (280 MB)  case=TCGA-DM-A1D4  [64594d1e-21a3-47be-a0c0-d9c667e1b747]
   • TCGA-DM-A1D4-01Z-00-DX1.38346604-2BAF-44F8-BD96-5BF58253C6AD.svs  (815 MB)  case=TCGA-DM-A1D4  [623ae7a5-3efb-4db1-96c3-619e8f1ebcff]
   • TCGA-A6-3809-01B-03-BS3.D8B0068C-ACD9-45E5-9606-7CFAF9D08493.svs  (176 MB)  case=TCGA-A6-3809  [2ce42fde-3918-4dcb-9bf0-e9caab09a1dd]
   • TCGA-A6-3809-01B-04-BS4.8BA8D42E-9833-4A63-B129-63EBADEA3E30.svs  (142 MB)  case=TCGA-A6-3809  [31689c9f-a158-427c-8375-03b6458a86b9]
   • TCGA-A6-3809-01A-01-TS1.ea54f6fb-333e-4c45-bee5-410083bb4554.svs  (53 MB)  case=TCGA-A6-3809  [8dda5e07-4768-40bd-ab0d-fbc4aba19f99]
   • TCGA-AA-A01I-01Z-00-DX1.D24F43B2-F46E-4F7F-85A0-91F3A04E0785.svs  (339 MB)  case=TCGA-AA-A01I  [f1a82927-49c3-4fd1-963a-1e24e1d8e9ab]
   • TCGA-AA-A01I-01A-01-BS1.1c4527e4-0a9f-420c-8a24-acc05a8f34c2.svs  (128 MB)  case=TCGA-AA-A01I  [d1101268-5273-41b4-ba61-3cb89443cc76]
   • TCGA-CM-6163-01A-01-TS1.41695082-c639-4313-8770-bb1c13647bd2.svs  (160 MB)  case=TCGA-CM-6163  [42e8583d-ca65-4cb4-8699-88f7c8ee763c]
   • TCGA-CM-6163-01Z-00-DX1.012a7433-73bb-4584-957b-f92c8877a114.svs  (807 MB)  case=TCGA-CM-6163  [c1ecc7cd-ec3c-4fc7-b61e-d3ac09492dec]
   • TCGA-A6-6780-01A-01-BS1.16f8e642-828f-4ca9-b039-b0f8ac0a5e97.svs  (207 MB)  case=TCGA-A6-6780  [c8ccf722-4ec8-40d7-aa46-b38486ac9c17]
   • TCGA-CM-6163-01A-01-BS1.53479d91-d15d-4675-b353-657aaa89a76d.svs  (222 MB)  case=TCGA-CM-6163  [704108d2-a0e6-463d-98ca-b8139d680d10]
   • TCGA-4N-A93T-01Z-00-DX1.82E240B1-22C3-46E3-891F-0DCE35C43F8B.svs  (895 MB)  case=TCGA-4N-A93T  [dffdc56e-f1f5-4a1b-a16b-561462b3b740]
   • TCGA-A6-6780-01B-04-BS4.27AD6E4D-3AFA-4510-A89E-FD2474B510A7.svs  (221 MB)  case=TCGA-A6-6780  [0a01655e-871e-42bf-881c-d0bc24ebf6de]
   • TCGA-CK-6748-01Z-00-DX1.1dd76660-7858-470c-a27b-36586b788125.svs  (911 MB)  case=TCGA-CK-6748  [5c7c8d94-86ce-4db2-8d05-e7d215c1bf2f]
   • TCGA-A6-5662-01Z-00-DX1.82569684-1c31-4346-af9b-c296a020f624.svs  (90 MB)  case=TCGA-A6-5662  [0b55ba87-0994-4679-9d1c-6cc3ddfd3078]
   • TCGA-A6-5662-01A-01-TS1.cce7d78e-caaf-4372-bf7b-bbae7c1781f9.svs  (68 MB)  case=TCGA-A6-5662  [ad25cc2c-8c44-49d4-88b0-5f654bd3f9ee]
   • TCGA-A6-5662-01A-01-BS1.e50a0ee6-4599-4738-abe5-489d84594753.svs  (15 MB)  case=TCGA-A6-5662  [a61a2435-4cbc-42f0-b29b-52a043f79240]
   • TCGA-A6-5662-11A-01-TS1.57afa42e-f14c-482a-a294-91db187a4eb4.svs  (70 MB)  case=TCGA-A6-5662  [a8fffcc6-5c28-4d68-8fa7-5cac7ea123af]
   • TCGA-CM-5861-01A-01-BS1.cec92e82-322c-40ee-8e21-f302dcdf0866.svs  (404 MB)  case=TCGA-CM-5861  [438b82e2-45b3-477c-a335-6364dab83c90]
   • TCGA-CM-5861-01Z-00-DX1.b900abc0-ecca-48e1-98ba-fbc99a6dae3e.svs  (555 MB)  case=TCGA-CM-5861  [2100a74b-8905-4848-b51a-5d7764871620]
   • TCGA-CM-5861-01A-01-TS1.326f49e0-c258-41c6-b756-7db8838a24d7.svs  (511 MB)  case=TCGA-CM-5861  [4f0f73f8-da00-442f-b3c5-fc24051c06ea]
   • TCGA-CA-6719-01A-01-TS1.738a020c-a0cd-4c09-96a9-47c804499014.svs  (163 MB)  case=TCGA-CA-6719  [28c8b6ec-870a-4c30-91fc-500584d8075b]
   • TCGA-CA-6719-01Z-00-DX1.590fea56-aae4-4108-9169-a67ec8cd95b7.svs  (582 MB)  case=TCGA-CA-6719  [ef9e8336-1099-42ae-aa5e-56ef59d3da3a]
   • TCGA-D5-6538-01Z-00-DX1.fab8da8e-1e0a-4fb2-987c-9792c05d5a3a.svs  (659 MB)  case=TCGA-D5-6538  [eb3a8b3e-fcd9-446b-b851-f6880ad9b3f5]
   • TCGA-D5-6538-01A-01-TS1.bbe9a9e5-de92-462d-aede-c6599ef04d87.svs  (55 MB)  case=TCGA-D5-6538  [ddd52a2b-1b86-4ef4-b13f-6bbe96447966]
   • TCGA-NH-A50U-01Z-00-DX1.CA30EE72-7149-44E0-9082-AC1922ADDB09.svs  (1181 MB)  case=TCGA-NH-A50U  [eebf2fbf-1fbe-4784-a37f-29434f8c00dc]
   • TCGA-F4-6459-01Z-00-DX1.80a78213-1137-4521-9d60-ac64813dec4c.svs  (752 MB)  case=TCGA-F4-6459  [01f2d311-0825-4c67-af09-cf1a5ae6b1af]
   • TCGA-F4-6459-01A-01-BS1.b0da9bd9-52ae-459f-a51a-fb62fd4eb795.svs  (703 MB)  case=TCGA-F4-6459  [21822a51-8fae-4091-b716-045ede7b905b]
   • TCGA-F4-6459-01A-01-TS1.424790bd-471f-4312-b54d-361ea302deda.svs  (305 MB)  case=TCGA-F4-6459  [121c7509-09eb-41db-8121-db7823c1da1e]
   • TCGA-DM-A0XD-01A-01-MS1.bffd63fa-695c-4a19-a689-97a353108831.svs  (341 MB)  case=TCGA-DM-A0XD  [e234fd25-0f81-442c-b88b-4762688ccb2e]
   • TCGA-CM-6677-01A-01-BS1.110c143a-7e45-4bb0-88fc-9aeef9303758.svs  (362 MB)  case=TCGA-CM-6677  [fcb7ecd1-c087-45e8-a154-67bca677bf8f]
   • TCGA-4T-AA8H-01A-01-TSA.17AD2FB9-4E87-42BE-81A1-5E0035137749.svs  (246 MB)  case=TCGA-4T-AA8H  [867409c5-58f7-4196-9d90-4f780a9e6e32]
   • TCGA-AZ-6598-01Z-00-DX1.1fc4cd61-4524-413b-b36d-ad438785bc06.svs  (747 MB)  case=TCGA-AZ-6598  [9fa06e23-f31e-488e-9263-5823cd89e777]
   • TCGA-4T-AA8H-01Z-00-DX1.A46C759C-74A2-4724-B6B5-DECA0D16E029.svs  (2046 MB)  case=TCGA-4T-AA8H  [04d586ad-4f74-453f-a9c6-f8bd134ae11c]
   • TCGA-AZ-6598-01A-01-BS1.5e2ccbdb-4180-488b-ae4d-8a45cc2a0ff0.svs  (358 MB)  case=TCGA-AZ-6598  [492cc7e7-975b-46e8-97d1-f5bcb07cabb1]
   • TCGA-AZ-6598-01A-01-TS1.9ac5e30c-4d1d-4284-b793-04c9587c8415.svs  (343 MB)  case=TCGA-AZ-6598  [34cc0935-fd2b-4c83-9407-644bbc09a286]
   • TCGA-CK-6746-01A-01-TS1.42bfb839-5914-4bf7-84d1-de2cd006cda1.svs  (190 MB)  case=TCGA-CK-6746  [908c9eef-e9f3-411b-a6b8-8ca78a788e1c]
   • TCGA-5M-AATA-01A-03-TS3.E72ADD7C-8901-4821-A324-DE3F5D1C4CF7.svs  (448 MB)  case=TCGA-5M-AATA  [0f458f5e-bd62-4f7b-8208-d2c8747396f3]
   • TCGA-CK-6746-01Z-00-DX1.0aae8eec-1e82-494b-8779-d79fea8bec0c.svs  (664 MB)  case=TCGA-CK-6746  [2fcfc546-8fa2-4f4f-92e1-12b4f6434a51]
   • TCGA-AA-3696-01A-01-BS1.4b983d1d-03bb-489d-b0e3-12736a8a19ef.svs  (102 MB)  case=TCGA-AA-3696  [bfc74854-b37f-40db-bec9-d01d5595adc9]
   • TCGA-AA-A01K-01Z-00-DX1.2E147232-BC3C-48CC-B75E-43E6AA4A0BF8.svs  (447 MB)  case=TCGA-AA-A01K  [262569d9-5fb0-4e7b-923c-a8285ced66b0]
   • TCGA-AA-A01K-01A-01-TS1.105e5e60-f494-49d9-abfc-561b27285eb8.svs  (163 MB)  case=TCGA-AA-A01K  [b611699e-4625-4722-89dd-5f307ef91fd0]
   • TCGA-D5-6927-01A-01-BS1.a3f0ff77-7641-4d47-b40c-d592616355f1.svs  (161 MB)  case=TCGA-D5-6927  [e46167d0-4fe7-47be-976d-d4aa19a00075]
   • TCGA-AA-3696-01Z-00-DX1.947f2c09-dfe9-4fdb-bf1a-9bf46d67f617.svs  (190 MB)  case=TCGA-AA-3696  [38c8505b-bff5-43ea-8a8d-0911a84469e4]
   • TCGA-AA-3681-01A-01-TS1.0d64e99a-cd85-4aed-96c0-44abe0638a8d.svs  (52 MB)  case=TCGA-AA-3681  [113372a2-180a-40bb-b0fb-7cbe6cec1190]
   • TCGA-AA-3681-01Z-00-DX1.576342cf-0f40-404a-b3c5-b33103f86777.svs  (216 MB)  case=TCGA-AA-3681  [88237eee-faf0-41eb-bc75-b89affd0c3cb]
   • TCGA-AA-3681-01A-01-BS1.57a28b19-4bfa-4bdd-8534-f32c583c9dbe.svs  (84 MB)  case=TCGA-AA-3681  [d847d5bf-e32c-410f-8f36-62b0326b0710]
   • TCGA-D5-5537-01Z-00-DX1.14709d4c-eba0-48d0-87b8-5f34f74429d6.svs  (867 MB)  case=TCGA-D5-5537  [a781f94d-72ef-4ee0-98e1-4ec63f509c77]
   • TCGA-D5-6532-01A-01-BS1.b56a0382-30b1-4d6d-8c86-5a62b234b0cc.svs  (78 MB)  case=TCGA-D5-6532  [7b0bfab2-ced1-4e6a-9449-74ef5e38bd25]
   • TCGA-D5-6532-01A-01-TS1.75085ac7-0630-4063-8f17-5e23b95fbdf7.svs  (21 MB)  case=TCGA-D5-6532  [bb7d5ab6-6cd9-4d26-bdac-c18727e4a12e]
   • TCGA-AY-A69D-01A-01-TS1.5912592F-5483-49CE-87BF-3C86981AECFB.svs  (264 MB)  case=TCGA-AY-A69D  [d43d933a-41cb-41e1-9677-4702858e83fe]
   • TCGA-G4-6322-01Z-00-DX1.8676af67-716a-4052-a5e7-024b2e29c492.svs  (874 MB)  case=TCGA-G4-6322  [6096f752-6794-425b-95da-8e2df23d11dd]
   • TCGA-D5-5537-01A-01-BS1.bd633c95-fce6-41b3-9a2f-251cba345b28.svs  (70 MB)  case=TCGA-D5-5537  [721d3d55-4664-4722-bd60-d2e17d047ac9]
   • TCGA-G4-6322-11A-01-TS1.0610fcae-27f8-4a12-b598-0b896987694f.svs  (58 MB)  case=TCGA-G4-6322  [292c0898-769c-4eb4-9f78-45383d2b499b]
   • TCGA-G4-6322-01A-01-BS1.7d4f4b2f-c382-4457-b8a9-c2174fdf6de6.svs  (65 MB)  case=TCGA-G4-6322  [c6d016f0-8d7e-414f-a024-03742eb4b08c]
   • TCGA-G4-6322-01A-01-TS1.142c2982-2650-4e2e-8c5c-6eddacf17570.svs  (51 MB)  case=TCGA-G4-6322  [ea2702aa-e270-4251-813c-e295f64caf36]
   • TCGA-AZ-5407-01A-01-BS1.51d58183-1215-43c4-be9f-c9f3f7b8b842.svs  (42 MB)  case=TCGA-AZ-5407  [f2bd0e34-b87d-4831-a84a-73e7ed7e479b]
   • TCGA-AZ-5407-01A-01-TS1.d5cff1c7-a2b6-4f6a-81db-949b7b91021d.svs  (34 MB)  case=TCGA-AZ-5407  [dcd297d6-4f5f-4979-b004-a13759d04844]
   • TCGA-AZ-5407-01Z-00-DX1.5218a617-9817-44f4-8f00-8e9e3d04bd70.svs  (317 MB)  case=TCGA-AZ-5407  [2463c8f1-f8e8-4fab-881f-8875c2ec663b]
   • TCGA-CM-5348-01A-02-BS2.d6520211-a48d-4711-ba6c-0416fdc4d47c.svs  (319 MB)  case=TCGA-CM-5348  [1a826e4e-cc1a-4ce9-9e9d-f48aebf5c070]
   • TCGA-CM-5348-01A-01-BS1.7e5cf4fb-91a4-417e-b0bb-336d8128a13a.svs  (222 MB)  case=TCGA-CM-5348  [ad7221bf-8fd1-40dd-a34c-e3d4defbed24]
   • TCGA-CM-4746-01Z-00-DX1.c83b9795-bf45-4100-9052-a7e485e0f770.svs  (1015 MB)  case=TCGA-CM-4746  [ed7c20f8-e2a0-4a07-baaf-5002433d8c0c]
   • TCGA-CM-4746-01A-01-TS1.6156fc21-ee06-451f-abb6-c7da36f92a87.svs  (190 MB)  case=TCGA-CM-4746  [f449cf75-7b84-45ad-ad71-472e218c5bad]
   • TCGA-AA-3489-01A-01-BS1.80b02d1c-c054-4768-935e-7af3cb74563f.svs  (104 MB)  case=TCGA-AA-3489  [bfcbd762-3fbf-486b-962c-f6d778dd0eb2]
   • TCGA-F4-6806-01A-01-BS1.2d88d9cc-f564-4fe6-9120-93819736aaae.svs  (279 MB)  case=TCGA-F4-6806  [eadac24a-b349-4525-b876-adda768e523d]
   • TCGA-F4-6806-01Z-00-DX1.483d0fc7-220c-4b62-8c9e-a1004ce7450c.svs  (523 MB)  case=TCGA-F4-6806  [ba3eab18-7d88-4b4a-ad56-9ce542a3de85]
   • TCGA-AA-3831-01A-01-BS1.f637edf0-7e48-4bc6-ac59-d5f99f44702f.svs  (138 MB)  case=TCGA-AA-3831  [0f0ea33f-360e-4806-9c69-72882179f464]
   • TCGA-AA-3518-01Z-00-DX1.5aad7b19-2900-4f1c-9312-f8d8c4725449.svs  (414 MB)  case=TCGA-AA-3518  [29b005db-4568-4685-8a33-7b0c331f6ae3]
   • TCGA-AA-3678-01A-01-BS1.ea36c8b4-5640-4fd7-a15f-41c2c0c65686.svs  (29 MB)  case=TCGA-AA-3678  [2f5fe013-107d-4504-9f0d-5b913c7d575d]
   • TCGA-AA-3678-01A-01-TS1.46f3c8e0-ae27-4bfb-a1c2-871db0e826c2.svs  (68 MB)  case=TCGA-AA-3678  [12614623-08e7-4343-968d-6943a572db90]
   • TCGA-AA-3831-01Z-00-DX1.0565c3fc-fe21-4b34-ae1b-626a46edaa9e.svs  (365 MB)  case=TCGA-AA-3831  [94098492-5d24-44cb-84b9-4765a66b48be]
   • TCGA-D5-6924-01A-01-BS1.ad8169dc-995c-435f-8383-fa8380cec44c.svs  (130 MB)  case=TCGA-D5-6924  [91f94894-c0b2-4f3e-82cd-82f76056266b]
   • TCGA-AA-A00R-01Z-00-DX1.7520405C-E7DD-46A4-BB68-ADFA511AEA64.svs  (411 MB)  case=TCGA-AA-A00R  [5c5928b2-a799-4159-b895-191ee8ebdba5]
   • TCGA-D5-6924-01Z-00-DX1.a198456a-cf26-4cf3-a07a-edde8a4a710f.svs  (213 MB)  case=TCGA-D5-6924  [73844452-7492-4521-b6e6-0560220d3468]
   • TCGA-AA-A00R-01A-01-BS1.d174c9a8-3d64-472f-8f21-7773f7f4e560.svs  (146 MB)  case=TCGA-AA-A00R  [5fff2393-9512-4b11-8ea2-39142b41143b]
   • TCGA-AA-3968-01A-01-TS1.f8c48456-a9e2-4a46-83e0-2208cbc65cca.svs  (76 MB)  case=TCGA-AA-3968  [b6ee213e-a1cb-4018-a47a-89851494049f]
   • TCGA-AA-3968-01Z-00-DX1.54b76478-a822-49b5-8286-dcbbb2fba2f8.svs  (256 MB)  case=TCGA-AA-3968  [f14a4926-7285-4e18-bf48-5fd7f27c6823]
   • TCGA-A6-6142-01Z-00-DX1.e923ce20-d3c3-4d21-9e7c-d999a3742f9b.svs  (203 MB)  case=TCGA-A6-6142  [e51eb325-b534-42d8-882a-653161d32487]
   • TCGA-AA-3864-01A-01-TS1.d86de219-b9e8-4de0-b653-968238d1c552.svs  (193 MB)  case=TCGA-AA-3864  [773fcccf-04aa-401a-9cfc-fc5f0f632bcf]
   • TCGA-F4-6463-01A-01-BS1.6af1e7f7-05f1-4913-9d26-a91511881d3d.svs  (589 MB)  case=TCGA-F4-6463  [5512b09c-fa30-4b89-bbeb-90f240e29f47]
   • TCGA-AA-3864-01A-01-BS1.8b7f0f78-220d-48d0-bd0f-a5b88b03b3f1.svs  (236 MB)  case=TCGA-AA-3864  [e5a03905-871e-462f-acf5-ba2f4077392a]
   • TCGA-AA-3864-01Z-00-DX1.f6992bc7-ba05-4c30-9500-8f7b07b30f9a.svs  (246 MB)  case=TCGA-AA-3864  [8db3d085-f23d-4270-a52a-cbf1e6296381]
   • TCGA-F4-6463-01A-01-TS1.6ece090f-d42f-481c-acb7-c1301bc7c14a.svs  (190 MB)  case=TCGA-F4-6463  [f00d0b97-e322-444d-911b-eec9e8824e1f]
   • TCGA-F4-6463-01Z-00-DX1.a3fa6fb4-ce9d-4f0d-b5f7-3c9da7322cd0.svs  (213 MB)  case=TCGA-F4-6463  [a3f603c8-b0f6-4323-99f6-2f0772daf78a]
   • TCGA-CM-4744-01A-01-TS1.a59a2ff7-fb24-460d-8705-6cf916968527.svs  (207 MB)  case=TCGA-CM-4744  [7fb7d0c4-2054-485f-8b9c-d0247639ab3b]
   • TCGA-CM-4744-01A-01-BS1.898effd7-1881-4fd2-b3ae-5dcdb52300b3.svs  (216 MB)  case=TCGA-CM-4744  [3288edb6-2876-441c-a270-a4c81eb88ffc]
   • TCGA-CM-4744-01Z-00-DX1.527ead53-bd55-4321-adea-079bf5e2e8a5.svs  (1022 MB)  case=TCGA-CM-4744  [1b2d9c2e-5f7e-44a7-bef5-9c6ffda97429]
   • TCGA-AA-A01Z-01A-01-MS1.047ee1cd-d811-4cdb-9135-7855c3e0a824.svs  (235 MB)  case=TCGA-AA-A01Z  [fc53bb09-384c-4be2-9ed3-fd15b6d8e167]
   • TCGA-CM-6167-01Z-00-DX1.7adf00e3-6768-46bb-814c-b2f04c472cc8.svs  (695 MB)  case=TCGA-CM-6167  [3a278a6f-e7d3-4507-903f-50a0ea8aa113]
   • TCGA-AA-A01Z-01Z-00-DX1.9724B55C-C5D9-4C8B-AA05-76C21BA1F046.svs  (957 MB)  case=TCGA-AA-A01Z  [62ef2f7f-8870-484b-9af4-0c2e277006b2]
   • TCGA-CM-4748-01A-01-BS1.0562b8fd-6431-41f2-8bbc-ed900c71f457.svs  (422 MB)  case=TCGA-CM-4748  [463c456f-ffcc-428a-ade8-bca6a4637d56]
   • TCGA-AA-3989-01A-01-BS1.c84d4c60-0a9d-42a6-83a0-74a0af5b54e4.svs  (136 MB)  case=TCGA-AA-3989  [876a119d-8bc6-467c-b6fa-7021f4e1356b]
   • TCGA-AA-3989-01Z-00-DX1.792D9A97-E06B-4F8C-8181-C4E5BD8B9A59.svs  (263 MB)  case=TCGA-AA-3989  [7d6c3f4d-7267-4a08-b1bd-57213e2ff226]
   • TCGA-CM-4748-01A-01-TS1.14db69b4-20ff-46e4-bc9b-232db6e11c92.svs  (309 MB)  case=TCGA-CM-4748  [0bb3f2a1-e55c-4a31-a690-09603774951c]
   • TCGA-D5-7000-01A-01-BS1.727c8493-02a7-4cdd-b4d9-1bb157819343.svs  (52 MB)  case=TCGA-D5-7000  [36bcf18f-8179-43a0-b528-54da60d80973]
   • TCGA-AA-3553-01Z-00-DX1.45a24cd4-6eb2-4f20-9453-05476da34cdd.svs  (332 MB)  case=TCGA-AA-3553  [e329f6c8-9bb9-4717-83ce-ae378a509b83]
   • TCGA-F4-6569-01Z-00-DX1.accbe317-9a4d-49b9-b9c9-4d2bb1301f67.svs  (357 MB)  case=TCGA-F4-6569  [88c5cb51-b42f-4fc1-b22b-8bb4a111e91b]
   • TCGA-F4-6569-01A-01-BS1.8a1db85e-ba2c-40d4-a195-c5eea0f6e184.svs  (579 MB)  case=TCGA-F4-6569  [3e7e5e44-1672-4206-854a-194ccc5963b6]
   • TCGA-CM-6678-01A-01-BS1.7e1b10ec-65da-45ed-bddc-2376624abb46.svs  (312 MB)  case=TCGA-CM-6678  [c07d394c-a8df-403e-a39c-86c9ec7b763b]
   • TCGA-CM-6678-01A-01-TS1.f3a91215-f702-4580-875f-ccd8e3fccda3.svs  (139 MB)  case=TCGA-CM-6678  [b0d9e119-8568-41fe-b89b-f2f054ba5c50]
   • TCGA-CM-6678-01Z-00-DX1.b0e06829-c119-4131-a2ec-22d41d8d6068.svs  (501 MB)  case=TCGA-CM-6678  [a3891d0c-2e0e-4d9c-9fb7-61384da0938f]
   • TCGA-A6-A565-01A-03-TS3.3DE4381F-4D6D-4A93-8654-C0CAEE317E4A.svs  (217 MB)  case=TCGA-A6-A565  [3e0c0f86-0511-48fc-a20d-ca42f27245af]
   • TCGA-DM-A1DB-01A-01-TSA.7f4ce833-480a-41ad-9487-e7f968262924.svs  (178 MB)  case=TCGA-DM-A1DB  [9d79f64e-499c-448d-a395-60b4b70e735b]
   • TCGA-A6-A565-01Z-00-DX1.42172A22-6F86-4661-BF2A-78815B721503.svs  (221 MB)  case=TCGA-A6-A565  [cde87510-8e8f-48cb-ad4a-6a25771ad569]
   • TCGA-AY-A54L-01A-01-TS1.265BAF8A-E55C-4EB7-B485-363237B3D640.svs  (163 MB)  case=TCGA-AY-A54L  [76446de6-d694-4fd2-a298-831e046075f0]
   • TCGA-AA-3534-01A-01-TS1.a5a5153f-13ce-48b4-9549-2fcad278dcc5.svs  (94 MB)  case=TCGA-AA-3534  [b71aac0d-1889-43e3-8254-b520a75f2423]
   • TCGA-AY-A54L-01Z-00-DX1.BD4039B4-D732-418B-9CC9-064095A1F06F.svs  (839 MB)  case=TCGA-AY-A54L  [a0aaad6c-33ac-42b3-b725-1bfce7406c42]
   • TCGA-AA-3534-01A-01-BS1.ae54ab05-a85c-4bef-a5cc-d70e5d9adb73.svs  (97 MB)  case=TCGA-AA-3534  [9ddbf70d-1651-4668-8152-ee158b7e3b2b]
   • TCGA-A6-5657-01A-01-TS1.65036533-8baf-4e91-a41a-af802f6d1c9f.svs  (84 MB)  case=TCGA-A6-5657  [284883e6-60bc-46df-aa59-c2f218bef54e]
   • TCGA-A6-5657-11A-01-TS1.a74cd1d5-4038-4d7c-8154-9f4f946c8a9a.svs  (65 MB)  case=TCGA-A6-5657  [1269b7ff-ccc1-4cc7-8103-55408cfb58ed]
   • TCGA-G4-6295-01A-01-TS1.3b2104f5-257c-4135-8779-85d1d4bdf17f.svs  (84 MB)  case=TCGA-G4-6295  [d8197770-cea1-4135-8d09-d5ab67c0a0ce]
   • TCGA-AA-3685-01A-02-BS2.9a9b28f6-ceba-4edb-b967-082b91ee9736.svs  (103 MB)  case=TCGA-AA-3685  [c1bd059b-e454-410d-a1bb-27a15ca47395]
   • TCGA-AA-3685-01A-01-BS1.e5e339bc-a56b-45f3-bf3c-b5e3a8bfc6f8.svs  (109 MB)  case=TCGA-AA-3685  [452160ab-2927-4701-804e-22434cb3c879]
   • TCGA-AA-A02F-01Z-00-DX1.6E214530-87AE-4E9F-89A9-E35BA9C69BB0.svs  (1475 MB)  case=TCGA-AA-A02F  [acc689e0-67f9-4bae-b5d5-96dae5efebc1]
   • TCGA-NH-A6GB-01Z-00-DX1.AD90C375-54ED-4EE4-A537-59A2E3FE4BCD.svs  (1867 MB)  case=TCGA-NH-A6GB  [1ce88052-f889-4630-871d-09de5c5ad369]
   • TCGA-AA-A02F-01A-01-BS1.45d0a471-41d9-4ae6-9158-f77c2424bc62.svs  (282 MB)  case=TCGA-AA-A02F  [d0c22dc8-25fe-4b06-977d-fb526aa0e888]
   • TCGA-AA-A00N-01A-01-BS1.850cc0c4-3cbc-4299-8dc7-c65c84de5238.svs  (287 MB)  case=TCGA-AA-A00N  [4a43e7b2-e38c-4b14-996a-589281e61262]
   • TCGA-AA-A00N-01A-02-BS2.e2aa021c-96a0-4043-bedd-b1a491c18266.svs  (140 MB)  case=TCGA-AA-A00N  [17578d39-0a16-4fe2-b165-61bf4cf9500b]
   • TCGA-D5-6531-01A-01-BS1.ea053ff5-30c1-420d-a332-1efdce9500f0.svs  (145 MB)  case=TCGA-D5-6531  [5b5297c2-9c2f-4231-8a0f-bfddf3031439]
   • TCGA-D5-6531-01A-01-TS1.68f6c764-87c1-4093-8092-332e1e9c7d10.svs  (44 MB)  case=TCGA-D5-6531  [8d5e2f38-dabe-49d5-a3bd-3e3feeac6502]
   • TCGA-AZ-4682-01B-01-BS1.ff81e251-ac2d-4ac3-918c-778ad95ce452.svs  (127 MB)  case=TCGA-AZ-4682  [3063fb32-97b0-4494-bdb3-44ddf3b60a23]
   • TCGA-A6-2685-11A-01-TS1.76b18da0-1d51-44a1-8ac7-3024404cbc1a.svs  (52 MB)  case=TCGA-A6-2685  [63af719a-c3a6-4b5d-9370-a20403e25798]
   • TCGA-D5-6928-01A-01-TS1.18464c5d-7dd8-453c-8772-18797e5753af.svs  (52 MB)  case=TCGA-D5-6928  [0d36fac7-249b-44b3-821a-f5a9eb0fc34c]
   • TCGA-DM-A1D6-01Z-00-DX1.BCDA4D6C-8424-477D-9FAF-907206D2DDD6.svs  (1360 MB)  case=TCGA-DM-A1D6  [c2fdb147-2e4a-48bb-ac70-230b485f5caf]
   • TCGA-D5-6928-01A-01-BS1.9e649367-15d6-40f4-8c7c-06cd969605bf.svs  (100 MB)  case=TCGA-D5-6928  [1c12d79d-a9e6-4c38-86e2-fb5e7914c0bd]
   • TCGA-DM-A1D6-01A-02-TSB.68010988-7d93-4db2-a3ce-d3364ba33302.svs  (199 MB)  case=TCGA-DM-A1D6  [dbe7afb6-9c20-4b70-bc30-74fefa4df200]
   • TCGA-D5-6539-01A-01-TS1.8ca27341-d793-4187-97a1-90241b497558.svs  (27 MB)  case=TCGA-D5-6539  [6f66a52f-4f4f-4ae2-821c-46685d0f3b7e]
   • TCGA-D5-6539-01A-01-BS1.0ab6b47d-2753-436e-8291-00ac97faa17f.svs  (149 MB)  case=TCGA-D5-6539  [67818fa3-63f2-435a-8b54-1949e32aa15b]
   • TCGA-AA-3680-01A-01-BS1.64d0768a-2624-4d25-b1e2-03e027d0fd51.svs  (81 MB)  case=TCGA-AA-3680  [9a40161e-5a91-43f6-94bb-d13d588f863d]
   • TCGA-DM-A1DA-01Z-00-DX1.00001FEF-3B63-4C6F-952A-1D5F6F51CD22.svs  (1228 MB)  case=TCGA-DM-A1DA  [4a3acf15-462d-44a3-b158-5dbda7a29860]
   • TCGA-DM-A1DA-01A-01-TSA.667cffc6-6bd3-4610-a7a5-6af6ed8e02d6.svs  (424 MB)  case=TCGA-DM-A1DA  [2730188f-3b5c-4378-a5d5-eef30495ffbf]
   • TCGA-AA-3660-01A-01-BS1.9ed0f013-8565-4efd-bf2e-8d4444322190.svs  (51 MB)  case=TCGA-AA-3660  [e289bb06-1146-433a-b8d1-ffbac17e22b8]
   • TCGA-AA-3660-11A-01-TS1.1d062562-400f-4a83-b7ac-f4ae82752432.svs  (68 MB)  case=TCGA-AA-3660  [70a09c86-fae6-425d-bc10-0e2c4392a4bd]
   • TCGA-CM-6165-01A-01-BS1.e630ece8-048a-4514-b4fe-2604648e0b99.svs  (190 MB)  case=TCGA-CM-6165  [e6210fa3-9e8e-40e0-972b-d85df080f765]
   • TCGA-CM-6165-01Z-00-DX1.d59faefa-f647-4617-9dcf-4fd6ab45b4e6.svs  (824 MB)  case=TCGA-CM-6165  [e4423a3b-d74a-4b89-93bc-27ca11d2c6ee]
   • TCGA-D5-6533-01Z-00-DX1.a4b5096e-88cc-4797-b8d5-1a9cf1e74a55.svs  (995 MB)  case=TCGA-D5-6533  [e5315d4a-f1fa-452c-87ca-0a26668da9da]
   • TCGA-AA-A00W-01A-02-BS2.de8b3768-6ca6-4713-9f70-0819aaac5301.svs  (84 MB)  case=TCGA-AA-A00W  [640cce3d-b53d-4a5c-bafb-5c5ae43b7053]
   • TCGA-AY-6197-01A-01-BS1.49b466ba-c16c-4cba-a2b9-081846de8852.svs  (105 MB)  case=TCGA-AY-6197  [d0e8f09e-24e2-4d83-acb3-222b005d0e10]
   • TCGA-AY-6197-01Z-00-DX1.AD42F96E-6583-4AB8-A6BD-C8334EA9DE14.svs  (555 MB)  case=TCGA-AY-6197  [69554aaa-2fc4-4b2a-b169-2d7d5a804c12]
   • TCGA-D5-6530-01A-01-BS1.6a51ec3c-c0ab-4501-9528-5d8e88c7138a.svs  (74 MB)  case=TCGA-D5-6530  [ce099492-09ef-4704-89cf-b5fcddfc2798]
   • TCGA-AA-3715-01Z-00-DX1.24d6e746-ad61-4587-a2b9-8903331b279c.svs  (455 MB)  case=TCGA-AA-3715  [a7afe2d0-7290-4aeb-9840-7a44f0e76bd1]
   • TCGA-AA-3860-01A-02-BS2.4ca21d2f-71c0-4aff-ae9f-94f1fa047cf2.svs  (58 MB)  case=TCGA-AA-3860  [ed37c015-c10f-4710-8a72-f167a08bcf60]
   • TCGA-AA-3531-11A-01-TS1.7671ed97-98f6-40b8-aaab-92d36cc69a6e.svs  (58 MB)  case=TCGA-AA-3531  [95bfe14e-53f2-4615-aa23-8e812a3b7ace]
   • TCGA-AA-3531-01Z-00-DX1.19cdaa4b-5a53-4198-90da-5800827d90bf.svs  (695 MB)  case=TCGA-AA-3531  [10b38301-6ac8-40a9-ae81-b2ecf64a5d3c]
   • TCGA-AA-3814-01A-01-TS1.c72a49a0-eeb1-4b19-8f31-08f1a521a8dc.svs  (84 MB)  case=TCGA-AA-3814  [d69f42c5-943b-4f71-8faa-8be79cdaba68]
   • TCGA-AA-3814-01Z-00-DX1.15a569dc-30d6-4bef-908b-6183df4e9e01.svs  (128 MB)  case=TCGA-AA-3814  [06c18d96-66e2-4f68-834c-3da4bc9878da]
   • TCGA-AA-3952-01Z-00-DX1.6a51a689-74cb-4204-9f7a-f5e3fc55fb2d.svs  (143 MB)  case=TCGA-AA-3952  [8bb9896d-ef4a-4050-9699-dafe404724a6]
   • TCGA-AA-3527-01Z-00-DX1.20035f6a-71f8-4d1f-a356-64001be9c2dd.svs  (217 MB)  case=TCGA-AA-3527  [ae63964e-1799-4c8e-ad46-09707f1fcae8]
   • TCGA-AA-3952-01A-01-TS1.b21736f1-e917-4385-a99c-980b30cda69a.svs  (37 MB)  case=TCGA-AA-3952  [b86d4d5d-f532-43cb-b7db-38fc3d768a97]
   • TCGA-AA-3506-01A-01-BS1.6a931d0f-2b55-41bb-b3e1-2ff1b8b1f581.svs  (122 MB)  case=TCGA-AA-3506  [c1329e83-2e5f-47dd-877a-e605cfc2f010]
   • TCGA-G4-6588-01A-01-TS1.08fa396f-e612-46d2-a501-405280700d23.svs  (137 MB)  case=TCGA-G4-6588  [8a813eb0-e6dc-4af4-87fd-06598765a2ed]
   • TCGA-DM-A285-01A-01-TS1.FE8121D4-EFCF-4C9F-8DEB-53617D3A6973.svs  (211 MB)  case=TCGA-DM-A285  [77cd46d0-c233-4b62-a011-10638fba0a65]
   • TCGA-AA-3976-01A-01-TS1.caf2230f-f958-489f-a0ad-e0f58e390453.svs  (83 MB)  case=TCGA-AA-3976  [9ef1ccc1-9aee-4cbb-a511-17a611a6fdc2]
   • TCGA-AA-3976-01A-01-BS1.d6071150-53e7-447d-b618-969a9221f989.svs  (68 MB)  case=TCGA-AA-3976  [428626cd-c9ef-43f0-a2c5-620f6d961c32]
   • TCGA-A6-2682-01A-01-TS1.31a3cb2c-2afa-4469-83a5-47db8ec54238.svs  (118 MB)  case=TCGA-A6-2682  [d83dcf61-4ace-49a2-b97e-fcfd047fa492]
   • TCGA-A6-2682-01A-01-BS1.edea8316-51c4-440c-b915-61bbe48741e1.svs  (284 MB)  case=TCGA-A6-2682  [60a5cd68-ffe0-4e80-b313-14fa0df7399b]
   • TCGA-AZ-4681-01Z-00-DX1.e468c1a1-e251-4521-82fe-526c9c5f8190.svs  (589 MB)  case=TCGA-AZ-4681  [23055574-65ae-4a76-9968-7dfcb5336cf7]
   • TCGA-AZ-4681-01A-01-TS1.2f4d75b7-7f53-4934-bb56-d3c152ac4ba8.svs  (134 MB)  case=TCGA-AZ-4681  [3ec3d091-9a42-4621-aef4-05fda584dd82]
   • TCGA-A6-4105-01A-02-BS2.e609908d-b032-48ff-a301-e8810dfb7552.svs  (458 MB)  case=TCGA-A6-4105  [2d3e54dc-6033-4715-9bb7-925a6382f38c]
   • TCGA-AA-3870-01A-01-TS1.bc40da97-d23a-442f-9fdf-fdda55ebcd6f.svs  (56 MB)  case=TCGA-AA-3870  [e099cd85-21ef-419d-a1ad-7449912cf172]
   • TCGA-AA-3950-01A-02-BS2.9c0c8a89-1d69-4833-9dbb-4abe2c60ab2b.svs  (33 MB)  case=TCGA-AA-3950  [df71bbed-6fa4-4197-bb6a-fe3fd532d64b]
   • TCGA-G4-6628-01A-01-BS1.399739a8-9a28-46e8-97f9-cc945227f338.svs  (131 MB)  case=TCGA-G4-6628  [c9a55c0d-81b1-4107-8964-4e49a427ef27]
   • TCGA-AA-3950-01Z-00-DX1.2a81cf11-4c16-4e9e-8809-6f63152060da.svs  (256 MB)  case=TCGA-AA-3950  [83bfc9a9-7f16-493d-87bf-988dec60c82c]
   • TCGA-AA-3524-01A-01-BS1.26bb278f-a41e-43be-be0b-a16a78d23272.svs  (40 MB)  case=TCGA-AA-3524  [71f20006-b8a4-429b-b3fa-cb984a80ce52]
   • TCGA-AA-3713-11A-01-TS1.bdfd32d4-af93-49e9-add0-678cf5432eae.svs  (81 MB)  case=TCGA-AA-3713  [8d5b8668-d63b-499b-a4f4-df175853c43d]
   • TCGA-AA-3713-01A-01-BS1.7b41e682-7a61-4e42-bcac-932a9aa0b2c0.svs  (117 MB)  case=TCGA-AA-3713  [15647e69-a887-4447-a147-91975468e7b6]
   • TCGA-CM-5863-01Z-00-DX1.2dceed07-9373-4103-be16-533dac9f283b.svs  (543 MB)  case=TCGA-CM-5863  [06a6a408-3198-4911-bdea-8e56cd0554a3]
   • TCGA-AA-3556-01A-01-BS1.6c414ca3-3254-4af5-a3a6-5ac24a643f02.svs  (46 MB)  case=TCGA-AA-3556  [e3804153-e485-4232-97cf-18fb237eba26]
   • TCGA-AA-3842-01Z-00-DX1.8bbbd702-2b17-4c3e-a8bd-55c3ae8aaba3.svs  (191 MB)  case=TCGA-AA-3842  [80d752c3-1cfa-4eb1-baf5-ec407843eec2]
   • TCGA-AA-3842-01A-01-BS1.6845143c-92f1-4d2e-bd06-4c64d5381b3b.svs  (65 MB)  case=TCGA-AA-3842  [db55d38c-7ba8-4a7d-86ff-203d78f91b3e]
   • TCGA-AA-3522-01A-01-BS1.da130661-e1ff-45e8-b68e-f15b89879713.svs  (53 MB)  case=TCGA-AA-3522  [fe2180ab-1912-4bab-a1ea-fadb8e4f0f8f]
   • TCGA-AA-3554-01A-01-TS1.316371d2-28fc-4aee-8458-98601e4151ba.svs  (59 MB)  case=TCGA-AA-3554  [a11f4c86-287c-483a-a86f-e608d11368b0]
   • TCGA-G4-6586-01A-01-TS1.81e7230c-e845-4565-9585-fe856f06f7a7.svs  (32 MB)  case=TCGA-G4-6586  [2c5d8a38-40ab-4ec5-84ce-9246749ae513]
   • TCGA-CA-5255-01Z-00-DX1.77310ae2-9c5f-48c4-9754-c5b30d287089.svs  (521 MB)  case=TCGA-CA-5255  [8b1a3ed9-480f-4dae-ba4f-393a839e62c4]
   • TCGA-A6-6781-01A-01-BS1.cae9cd15-9f43-49e6-8e86-4d9c668c530c.svs  (207 MB)  case=TCGA-A6-6781  [ea98c99e-d380-464b-9cfe-2bbfa5b51749]
   • TCGA-AA-3858-01Z-00-DX1.6336815f-9887-4f74-a15d-78e7f6cacb59.svs  (73 MB)  case=TCGA-AA-3858  [ae0b360c-6eb7-49ae-8cdb-ccaacfec7cfe]
   • TCGA-CM-5341-01Z-00-DX1.af4f75ff-3971-4639-8ef4-918ef4b29df0.svs  (572 MB)  case=TCGA-CM-5341  [2db970a8-1f49-4b6e-b8be-639cef516156]
   • TCGA-F4-6807-01A-01-TS1.d477377c-d03b-4260-9b63-4c4223013a22.svs  (642 MB)  case=TCGA-F4-6807  [3f07386a-20f8-4983-ac76-c9ba1012be1e]
   • TCGA-A6-6781-01B-05-BS5.8626B6BC-AC36-4C71-97CB-4D02062842BF.svs  (223 MB)  case=TCGA-A6-6781  [b22762ca-3735-445c-a295-46a5a3d87d7b]
   • TCGA-AA-3939-01A-01-TS1.dacb1260-7d38-4f18-bda9-93bbbf3abfe4.svs  (59 MB)  case=TCGA-AA-3939  [f26ac260-1cc8-4853-8421-9efe3f369bac]
   • TCGA-A6-2676-01A-01-BS1.8ca9ef13-fde1-445b-8fa2-a286f23a738c.svs  (107 MB)  case=TCGA-A6-2676  [6454f449-05ff-4f00-b011-7830739bbaec]
   • TCGA-F4-6807-01A-01-BS1.636b5364-506d-4dd6-b7b0-3d18922cee22.svs  (748 MB)  case=TCGA-F4-6807  [973c9afa-e21b-42da-bbda-8b2ec8a608a6]
   • TCGA-T9-A92H-01Z-00-DX2.43894C88-2096-4932-9E9D-17BDCACF988C.svs  (618 MB)  case=TCGA-T9-A92H  [bb9f6b33-f007-4915-9b73-05f847db0964]
   • TCGA-AY-A71X-01A-01-TS1.1E3832D1-1E99-4DA1-B661-11860B8C7E5A.svs  (209 MB)  case=TCGA-AY-A71X  [d15b5a16-7fba-4355-891d-96c66bec062e]
   • TCGA-AY-A71X-01Z-00-DX1.68F9BC0F-1D60-4AEF-9083-509387038F03.svs  (2054 MB)  case=TCGA-AY-A71X  [5af6b02b-f142-41f7-a1a4-1fd61dc73f3e]
   • TCGA-AA-3712-01Z-00-DX1.00E0ACE2-8CC5-4063-9C65-3CDD7F21B189.svs  (8 MB)  case=TCGA-AA-3712  [3962ba26-19f7-46be-af73-e39b37a51c64]
   • TCGA-AA-3712-01A-02-BS2.fa7f8888-cb7c-4d4c-9608-c3eff2960c73.svs  (68 MB)  case=TCGA-AA-3712  [820076d2-857e-4e59-9767-b695da2d7ae3]
   • TCGA-CM-5341-01A-01-BS1.4a20e82e-d3f9-4098-b8e4-23a40cb6abeb.svs  (605 MB)  case=TCGA-CM-5341  [bb3aa13e-e6ce-48a5-9845-bb5d5887bbd7]
   • TCGA-AA-3510-01Z-00-DX1.B4FCE76A-3B60-4D7D-9F3E-973AE17EA8E2.svs  (9 MB)  case=TCGA-AA-3510  [9b05cf34-c548-482f-9e41-a77e2ba5a253]
   • TCGA-AA-A00D-01A-01-TS1.53151f32-1c4d-41ce-824c-9903b37ff2cc.svs  (171 MB)  case=TCGA-AA-A00D  [b568cca3-6c42-4a60-ac6b-f75ecaad7f1a]
   • TCGA-AA-A00D-01A-01-BS1.034d7c77-5885-4bcc-8da9-b2a2f5cc5e35.svs  (114 MB)  case=TCGA-AA-A00D  [a2dee4bb-5403-4638-85fb-f3fccdb71d8b]
   • TCGA-AA-3971-01A-01-BS1.43f25781-1cbe-4a02-9d55-4ccdd36a4d0d.svs  (126 MB)  case=TCGA-AA-3971  [452b0a7c-17e5-4474-adbc-68bd449c7f05]
   • TCGA-AA-A02O-11A-01-BS1.8b76f05c-4a8b-44ba-b581-6b8b4f437367.svs  (59 MB)  case=TCGA-AA-A02O  [d277e888-c60a-4c8d-b2ec-553108b64c1e]
   • TCGA-AA-A02O-11A-01-TS1.a19eb8c1-f3c9-4fb6-9e4f-f683f0058cd6.svs  (82 MB)  case=TCGA-AA-A02O  [d81c6f68-1bcb-4f3c-9abb-f740653ab2dd]
   • TCGA-AZ-4315-01A-01-TS1.e4332753-d5a3-4884-b020-2269818de25c.svs  (129 MB)  case=TCGA-AZ-4315  [535e5c00-493f-4134-93f3-d0b7cfede7e5]
   • TCGA-D5-6529-01A-01-TS1.26f89cfc-cfe6-491f-819f-3742c1e5d350.svs  (52 MB)  case=TCGA-D5-6529  [7168630f-3a2d-4b53-ab72-ae363b565e91]
   • TCGA-AA-A02O-01A-02-BS2.f363741b-9ff0-44a6-9dbf-49e27c55e9d6.svs  (341 MB)  case=TCGA-AA-A02O  [4fc10d75-570e-4b1e-aa07-3faa578e680b]
   • TCGA-AD-A5EJ-01A-01-TS1.6606E358-74AA-428D-A8FD-6CCC89385628.svs  (194 MB)  case=TCGA-AD-A5EJ  [27b9c4b6-bfe6-4c1f-94d3-0bbea9a4016a]
   • TCGA-AA-3866-01A-01-TS1.87579b57-8c32-4128-b983-5eb3558a6e27.svs  (53 MB)  case=TCGA-AA-3866  [dc77e688-1a16-4886-a29d-b3d9cbab6a77]
   • TCGA-D5-6534-01Z-00-DX1.eb7b12b8-ad31-438f-8e1d-9bb76a560c86.svs  (706 MB)  case=TCGA-D5-6534  [cea3184b-c890-49d5-b1f8-8fca4ca145dc]
   • TCGA-CK-5912-01Z-00-DX1.23a955f3-a1ed-4cb3-8e49-cbb3f789f3f5.svs  (1031 MB)  case=TCGA-CK-5912  [0dc16a72-93b4-4c47-b58b-dec3979085b9]
   • TCGA-CK-5912-01A-01-TS1.af766a5b-9b1b-459d-9795-415562415682.svs  (28 MB)  case=TCGA-CK-5912  [3af6b27f-4667-408a-b26d-db840b8db57d]
   • TCGA-AA-3986-01Z-00-DX1.db60e495-c0eb-416c-b65b-55ce62ed10b0.svs  (637 MB)  case=TCGA-AA-3986  [13ea8b59-6628-4faa-8047-6628704c4636]
   • TCGA-DM-A1D8-01A-01-TSA.06a8b947-9f47-4186-9151-419e478875ae.svs  (171 MB)  case=TCGA-DM-A1D8  [26e45eeb-0184-4e9c-b83a-61f8ad426a8b]
   • TCGA-AA-3986-01A-01-BS1.d7147f1a-897d-440f-85cd-8597ed7ae300.svs  (208 MB)  case=TCGA-AA-3986  [9da5c0c5-b545-4540-9124-7db0932fc976]
   • TCGA-AA-3970-01A-01-TS1.0dd7526b-284c-4185-81a8-e9290edecb71.svs  (71 MB)  case=TCGA-AA-3970  [26320324-89df-48a4-90bf-cd30311e0548]
   • TCGA-A6-6138-01Z-00-DX1.11a4fad6-dfa3-4236-b714-bf1023b54622.svs  (185 MB)  case=TCGA-A6-6138  [30ea4f08-2d34-466d-86b8-eb89ad03fe1d]
   • TCGA-CM-6170-01Z-00-DX1.aa9c41ea-3894-4524-a94c-f44c6c53c2d0.svs  (401 MB)  case=TCGA-CM-6170  [63cf5b73-b605-4cee-b9dd-b92efbd00533]
   • TCGA-AA-3693-01A-01-BS1.0894de0c-c0ab-4e24-aeab-5e1ec25eda2b.svs  (43 MB)  case=TCGA-AA-3693  [99479c60-bc3c-46aa-b25a-4739fef18e84]
   • TCGA-CM-5860-01A-01-BS1.e4a7519a-1aa4-4f03-b65a-9134348f54ee.svs  (407 MB)  case=TCGA-CM-5860  [ffd060cd-7938-4e3b-81df-885ea3617795]
   • TCGA-AA-A01X-01A-02-BS2.096faf7b-2fc7-4ac6-9043-049c562d309f.svs  (369 MB)  case=TCGA-AA-A01X  [751d59ad-d96d-4a63-ad7b-55a64a9a61f8]
   • TCGA-AA-3984-01A-01-BS1.76d10aac-a86f-4ba7-9158-a14822662d60.svs  (74 MB)  case=TCGA-AA-3984  [f2b5d4c5-3a7f-461a-a7a7-2ae8f2d83c27]
   • TCGA-AA-A01X-01Z-00-DX1.7433F54C-2A79-467A-8FEA-638AE48F42A0.svs  (1141 MB)  case=TCGA-AA-A01X  [e21c8190-ca2b-424e-811d-98cd24814bda]
   • TCGA-AA-3984-01Z-00-DX1.d0cb7571-c612-4410-ac03-ebe800ad6767.svs  (366 MB)  case=TCGA-AA-3984  [e2663d91-94f9-48dd-8680-3803ede25421]
   • TCGA-CM-6162-01A-01-TS1.91282f06-1c60-4e94-bd25-8fd7f6b06173.svs  (185 MB)  case=TCGA-CM-6162  [9235fbcc-90c3-4a10-b1c6-dad7d21a3924]
   • TCGA-A6-6140-01Z-00-DX1.f34d99be-25dd-4811-9155-0dbb53e849ac.svs  (261 MB)  case=TCGA-A6-6140  [d101e777-82d9-4e5a-b6bf-62392a0511eb]
   • TCGA-CM-5349-01Z-00-DX1.d893eb9a-0321-4052-acfc-8c9a6e463921.svs  (680 MB)  case=TCGA-CM-5349  [32268fd4-3c70-4906-97ac-c480f76fd00c]
   • TCGA-A6-2681-01A-01-TS1.99fd0faa-014c-43f3-bb45-677385e4f3c0.svs  (215 MB)  case=TCGA-A6-2681  [214336af-d0a4-4a3e-9829-fdd2b6145599]
   • TCGA-A6-6140-01A-01-BS1.6dd8f2fb-dd94-4ec4-a6db-f6f13c742365.svs  (166 MB)  case=TCGA-A6-6140  [3db4e5d0-a844-4896-9e57-abb49250bd98]
   • TCGA-AA-3693-01A-01-TS1.3caeb4c8-4c88-4f06-85c0-dc50ed8f0bfd.svs  (46 MB)  case=TCGA-AA-3693  [a25699fd-8f46-4d04-b855-204b4706f3f0]
   • TCGA-AA-3821-01A-01-BS1.f6e30ce7-78fc-4375-8416-bd6135f3018b.svs  (39 MB)  case=TCGA-AA-3821  [59d404c3-5c10-40de-bbb4-93d465a79075]
   • TCGA-CM-6169-01A-01-TS1.efa5b8bd-be91-4a33-bdf5-07ef5a9c1040.svs  (102 MB)  case=TCGA-CM-6169  [625bd97c-e1a4-4b32-9d89-55ecfc7c34ce]
   • TCGA-AA-3532-01Z-00-DX1.00c7a378-a7c5-4fb4-9f53-6197be81c2eb.svs  (190 MB)  case=TCGA-AA-3532  [d22cced9-3126-4072-a418-5a3863df2b7e]
   • TCGA-AA-3532-01A-01-BS1.0dcc6ef7-d4a2-43ec-a7e8-612313c9011a.svs  (92 MB)  case=TCGA-AA-3532  [66b8a997-48d6-4e7a-b3e5-6fb6af2c9431]
   • TCGA-AA-3848-01Z-00-DX1.bb018b1c-7748-4865-b00f-42edc35b5047.svs  (352 MB)  case=TCGA-AA-3848  [acf9470e-04dd-481b-9510-97a3a149f02b]
   • TCGA-CM-6169-01Z-00-DX1.0381c243-02b8-4f1d-840c-19ef44d4b92c.svs  (775 MB)  case=TCGA-CM-6169  [f60ff5bf-405c-482f-9bac-12056d3f4215]
   • TCGA-AA-3848-01A-01-BS1.628aefd8-6784-416f-b410-143efeeeaeff.svs  (176 MB)  case=TCGA-AA-3848  [ad65d486-5807-4730-a80e-c487e707ef9b]
   • TCGA-CM-6169-01A-01-BS1.82170e75-f008-439f-9461-7d190a4960b0.svs  (200 MB)  case=TCGA-CM-6169  [c1843f0f-11de-407d-9844-0cc482a70c49]
   • TCGA-AA-3848-01A-01-TS1.196d6712-9850-4eaa-b9e1-3242cf64029e.svs  (122 MB)  case=TCGA-AA-3848  [c0f59ace-a92a-4f00-a1eb-dc22bc4471c3]
   • TCGA-DM-A28H-01Z-00-DX1.daf607db-57d0-4685-8dd1-f6d0a9ee0435.svs  (1224 MB)  case=TCGA-DM-A28H  [e1a7d9a2-48db-41f7-8548-ca8ac936d22d]
   • TCGA-AA-A00U-01A-01-TS1.dfe85cf5-054b-4988-a8aa-bba8bc0cdadf.svs  (84 MB)  case=TCGA-AA-A00U  [4d61da7c-6635-493f-a5e3-63397d834f6b]
   • TCGA-AA-3549-01A-01-BS1.eeab4b4c-0a32-45f3-a5fa-4e81412ea1a2.svs  (106 MB)  case=TCGA-AA-3549  [f72b69bf-cb6f-48d1-86a2-afed5d0a1f3f]
   • TCGA-CM-6164-01A-01-BS1.a0d90999-f7a0-4fab-bf59-78ff1817bf07.svs  (626 MB)  case=TCGA-CM-6164  [3467a449-ca10-484d-9371-9f3b705140ce]
   • TCGA-AD-6901-01A-01-TS1.586fdc4a-74a7-42cb-a07c-b677a01c8d13.svs  (39 MB)  case=TCGA-AD-6901  [a792ca2e-cfec-4e94-8c52-cf8f35fed4b8]
   • TCGA-G4-6306-01A-01-TS1.353c3be8-da02-41f4-a811-94879e59f597.svs  (58 MB)  case=TCGA-G4-6306  [face3413-8312-4343-b74c-41b52f8c3d59]
   • TCGA-AA-A00Q-01A-03-BS3.1d0c9452-9cf2-4418-97d5-5428eee52862.svs  (117 MB)  case=TCGA-AA-A00Q  [3ad4d9af-c4d8-4606-bdde-32e534bbc8b5]
   • TCGA-G4-6306-01Z-00-DX1.962227ca-b0d6-4cf4-afea-8f7c2f9b2477.svs  (609 MB)  case=TCGA-G4-6306  [9fd2abcc-4fd7-40a1-b042-7d48f62a4282]
   • TCGA-AA-A00Q-01A-03-TS3.2de5ebb5-a5fe-4305-9093-3cbbda389c4f.svs  (141 MB)  case=TCGA-AA-A00Q  [c6206c2d-4ebe-46f4-b722-afdc072cb7a3]
   • TCGA-CA-6718-01A-01-BS1.c136a645-ea08-47dc-a841-7d56866f3c7a.svs  (551 MB)  case=TCGA-CA-6718  [f13fddd1-4aa8-427f-8718-83b54f4c4635]
   • TCGA-AA-A01S-11A-01-BS1.aaf90c1f-543f-4fc4-bc59-81faae0ad6c7.svs  (46 MB)  case=TCGA-AA-A01S  [a50c68f1-2030-4330-90d3-590856fcdf59]
   • TCGA-G4-6311-01Z-00-DX1.f1b98598-dbd8-4ba5-9ec7-5c93ccc82c81.svs  (695 MB)  case=TCGA-G4-6311  [85647bdf-5f5b-4bb5-b4f4-0c62d4a74457]
   • TCGA-AA-A01S-01Z-00-DX1.1F2812C1-9807-4D14-8071-3FE15236EB44.svs  (1185 MB)  case=TCGA-AA-A01S  [fb848c34-7a87-4e1b-9e4d-be73ff8a6785]
   • TCGA-CM-4751-01Z-00-DX1.F72E1883-5293-4351-A8DC-C4EA5D8F797C.svs  (708 MB)  case=TCGA-CM-4751  [dbfe866c-fc72-4423-9667-9f03c6f76123]
   • TCGA-CM-4751-01A-01-BS1.731e9bea-7355-4aeb-a2e2-b06072f1ad52.svs  (84 MB)  case=TCGA-CM-4751  [61518ecd-ed10-4dfc-9328-172c45882fad]
   • TCGA-AA-A03J-01A-02-BS2.354764c5-f3bc-4244-a92a-be809dbcf05a.svs  (87 MB)  case=TCGA-AA-A03J  [ecc35c6f-7be4-4321-963d-ee7a854e2644]
   • TCGA-AA-A03J-11A-01-BS1.b4e0ae15-77a4-4834-9788-af6c8ab01d90.svs  (57 MB)  case=TCGA-AA-A03J  [086e8b63-e572-44c7-8f5a-d097eb6b2487]
   • TCGA-CM-6674-01A-01-BS1.654aa5c8-6702-4a22-904e-336bb8416871.svs  (334 MB)  case=TCGA-CM-6674  [5263671b-f27f-4dae-baba-b8afb1621c47]
   • TCGA-AA-3872-01Z-00-DX1.eb3732ee-40e3-4ff0-a42b-d6a85cfbab6a.svs  (178 MB)  case=TCGA-AA-3872  [6a00516b-dbb2-4500-a75a-b4684b658a1d]
   • TCGA-AA-3655-11A-01-TS1.2046b9c5-3286-4b10-84be-a94d9ff45f63.svs  (82 MB)  case=TCGA-AA-3655  [76e0032f-60b1-4770-b64b-0b141b184612]
   • TCGA-CM-5862-01A-01-BS1.fe4bf72c-4a5d-41dc-91f7-54a0540857b2.svs  (349 MB)  case=TCGA-CM-5862  [cedf4847-b44b-4768-84eb-03420b41dc02]
   • TCGA-G4-6317-02A-01-TS1.a9998a46-09fd-493d-92fe-4a2b4820b3bf.svs  (91 MB)  case=TCGA-G4-6317  [828804d4-d9f2-4da9-99d7-324d9d3d51ba]
   • TCGA-AA-3815-01A-01-TS1.ef986cd7-2012-47c0-be07-cbfa48171a42.svs  (124 MB)  case=TCGA-AA-3815  [6fd5f709-bb47-4513-b542-75fcb913dcb0]
   • TCGA-AA-3815-01Z-00-DX1.d6823390-73c1-431f-b480-0954f4df8224.svs  (519 MB)  case=TCGA-AA-3815  [35edf06a-803c-4aef-bdb7-5965b86f69e9]
   • TCGA-AA-3815-01A-01-BS1.ecfbd39b-f241-41e9-975c-63674cfbe9f3.svs  (144 MB)  case=TCGA-AA-3815  [0ff1b144-c61b-4cdc-9e9e-9f873f96f53a]
   • TCGA-DM-A1D7-01Z-00-DX1.4F3CF25D-A350-4A92-A891-7FFE40BE2710.svs  (866 MB)  case=TCGA-DM-A1D7  [d4b04202-16cd-4aba-8dc5-47a3ee4d04a3]
   • TCGA-QL-A97D-01A-01-TSA.02168EBB-1D66-4B79-B363-3222ED7EED77.svs  (203 MB)  case=TCGA-QL-A97D  [8662d29e-678a-4105-9ee9-45e4c5d4c819]
   • TCGA-QG-A5YW-01Z-00-DX1.3242285F-FA82-4A92-9D0E-951013A3C91A.svs  (1450 MB)  case=TCGA-QG-A5YW  [f0c120bf-849d-4cf4-bcc5-ed2abf7d522f]
   • TCGA-QG-A5YW-01A-01-TS1.DC54AB4A-266C-4A36-A771-2A0BA82BA269.svs  (411 MB)  case=TCGA-QG-A5YW  [81217a36-86bf-4ed4-980b-ad3cfb17be65]
   • TCGA-A6-5665-01Z-00-DX1.3ad2c249-d138-4037-a59b-4747ce2b789a.svs  (161 MB)  case=TCGA-A6-5665  [103810e8-c721-4242-b729-270097a23469]
   • TCGA-A6-3807-01Z-00-DX1.c3de2064-4f8d-4786-9ff9-2e0f44293717.svs  (352 MB)  case=TCGA-A6-3807  [8e176cfe-6a85-4429-808d-af8e8e56e734]
   • TCGA-A6-3807-01A-01-TS1.fc294d0a-285e-46c4-b896-938c254742ea.svs  (116 MB)  case=TCGA-A6-3807  [924939a8-5520-4097-82b9-6c463455ec98]
   • TCGA-AA-3812-01Z-00-DX1.c501fc71-8370-4034-b32a-1bb7cd846881.svs  (306 MB)  case=TCGA-AA-3812  [df7eff22-a7b7-470a-877b-c4cbbc7020fe]
   • TCGA-A6-6137-01A-01-TS1.58247feb-5bdc-41e1-9075-908a65c40273.svs  (119 MB)  case=TCGA-A6-6137  [739abfa8-3614-431d-8abe-0ea453f6d7ef]
   • TCGA-AA-3837-01Z-00-DX1.5692e5c0-6dc2-45be-a5f5-00a907c5c824.svs  (260 MB)  case=TCGA-AA-3837  [17cfcc8c-49a4-48ce-a5e1-4a3c582ce198]
   • TCGA-AA-3994-01A-01-BS1.241dc7e2-c505-4844-9e22-0bf5bc74f3d3.svs  (63 MB)  case=TCGA-AA-3994  [041aa829-b767-4857-a5fa-d66a730fc04c]
   • TCGA-AA-3854-01Z-00-DX1.1564d865-6653-4be1-951e-ea9fab0102a7.svs  (122 MB)  case=TCGA-AA-3854  [de83ad59-f5cb-4bcf-bcf0-4d8f00002d92]
   • TCGA-CM-5868-01Z-00-DX1.70f2e193-248d-4bf9-a875-49c314223f70.svs  (859 MB)  case=TCGA-CM-5868  [21471300-f78e-4174-bdc9-7a4076c5f1b7]
   • TCGA-D5-6923-01A-01-BS1.44b1f8c4-ff25-4cb4-9023-b632b6eb8d28.svs  (110 MB)  case=TCGA-D5-6923  [a6387a69-60ad-4460-9d67-9d9885ece4ee]
   • TCGA-A6-3810-11A-01-TS1.b729304b-9abb-4c03-a0da-efabd8d79587.svs  (138 MB)  case=TCGA-A6-3810  [060243fd-fb92-4b77-911a-6a785178dc2d]
   • TCGA-D5-6932-01Z-00-DX1.d18111de-f0f5-4637-8534-a2b4396cbb41.svs  (218 MB)  case=TCGA-D5-6932  [2b02baad-7143-4fea-9f28-ff2d4efc4044]
   • TCGA-D5-6923-01Z-00-DX1.ad5211f6-32a3-42c6-8594-93cb4432b5f6.svs  (127 MB)  case=TCGA-D5-6923  [45292bb4-733b-4636-ade7-4a8c6d6bfc16]
   • TCGA-D5-6923-01A-01-TS1.b9ed7309-252b-44a1-951a-f5a6d985d9af.svs  (42 MB)  case=TCGA-D5-6923  [ab8556f7-388a-4f61-8cc8-347d5b094313]
   • TCGA-D5-6926-01A-01-TS1.55dd0e56-dec5-49ed-86a0-2fd1ca252aab.svs  (65 MB)  case=TCGA-D5-6926  [ba36694b-2e40-45cc-8997-745f6742aee9]
   • TCGA-AA-3973-01A-01-TS1.75ad0c80-1431-4438-b6e7-6e02c547217e.svs  (44 MB)  case=TCGA-AA-3973  [f2ced6c8-9c9e-4356-a550-0609d2c7ebac]
   • TCGA-AA-3973-01Z-00-DX1.05cee752-3f4e-442d-a093-dcfb2b6130f0.svs  (270 MB)  case=TCGA-AA-3973  [79aa3803-9a5f-4589-942c-156b3fd2a62c]
   • TCGA-CA-6717-01A-01-TS1.e9440300-5d1e-4187-9d73-74f804a651f8.svs  (362 MB)  case=TCGA-CA-6717  [49f39afc-ecf8-4d20-9876-926a141241d0]
   • TCGA-CM-6675-01Z-00-DX1.4f2301e2-2894-484d-8a52-7be902a9861b.svs  (1214 MB)  case=TCGA-CM-6675  [5f46d414-f2e3-4250-baad-474f623ce5c2]
   • TCGA-AA-A01R-11A-01-TS1.469855f3-03d6-437d-8929-9ee95bca04a5.svs  (64 MB)  case=TCGA-AA-A01R  [1f561a7c-8794-4518-a7d4-7ac071809834]
   • TCGA-A6-2672-01Z-00-DX1.e2a845c8-6d77-4120-9f43-abec84a66c1c.svs  (153 MB)  case=TCGA-A6-2672  [39a4f424-780f-44fe-8d60-1e2ffe8ce6c6]
   • TCGA-AA-A01R-11A-01-BS1.5b7f1278-00fb-4711-b7c0-3cb97c1ce757.svs  (122 MB)  case=TCGA-AA-A01R  [be4a7c36-1e7c-4d64-81f5-05493b3dbd58]
   • TCGA-AA-3538-01Z-00-DX1.60d0b039-25d6-4b71-a36f-5b2764a983ef.svs  (145 MB)  case=TCGA-AA-3538  [2fd860a1-534f-49f7-8169-ece8748480ac]
   • TCGA-AZ-4614-01Z-00-DX1.c1488dfe-528f-4dd4-b5f8-da81fbb4ec0b.svs  (974 MB)  case=TCGA-AZ-4614  [2704d972-b63d-4db8-b1e4-56ba9721d6a6]
   • TCGA-AA-3542-01Z-00-DX1.db284d9a-bde5-471c-ac37-5f3216d0f077.svs  (275 MB)  case=TCGA-AA-3542  [b8e25c65-06e3-4dc7-8b8c-7a0dad244425]
   • TCGA-A6-4107-11A-01-TS1.8425e9ee-5910-48cd-aeb4-430e0401ce73.svs  (221 MB)  case=TCGA-A6-4107  [c66b87bb-49d8-40dc-88ca-a24347af69f9]
   • TCGA-AZ-4614-01A-01-BS1.c100af74-179b-47be-8e70-f7e718845bc1.svs  (169 MB)  case=TCGA-AZ-4614  [f97bdb76-e248-424a-8a05-4def01207406]
   • TCGA-A6-A567-01A-03-TS3.F7B0432F-D929-4D60-A4B8-827CAE235F83.svs  (284 MB)  case=TCGA-A6-A567  [3e158fdd-2605-453d-ab45-4e5f6571c2f6]
   • TCGA-AA-A00J-01A-02-BS2.326a55cb-013a-43c9-b0cc-943126d767a7.svs  (92 MB)  case=TCGA-AA-A00J  [dc896a7f-aefd-4885-8123-0fa5fcff67ab]
   • TCGA-A6-4107-01Z-00-DX1.89bf3dd5-72a6-49cc-9857-df2c36884029.svs  (153 MB)  case=TCGA-A6-4107  [d467f892-035c-4906-abea-c6143c8f8434]
   • TCGA-A6-4107-11A-01-BS1.223d0fcb-704e-4933-8cf7-43dacc604917.svs  (241 MB)  case=TCGA-A6-4107  [bbf9083c-a7e5-4940-a412-8fe1ead9038f]
   • TCGA-D5-6932-01A-01-BS1.46c56d36-dc7b-416e-afcc-4f40faf32c56.svs  (70 MB)  case=TCGA-D5-6932  [305e5f8f-a9a6-40a1-8b07-2b63de547b41]
   • TCGA-D5-6932-01A-01-TS1.5017adb0-8bf1-48c7-a120-daca4855ed27.svs  (85 MB)  case=TCGA-D5-6932  [4f6ee944-9c05-4859-8cb9-00016bc69c5e]
   • TCGA-D5-6540-01A-01-BS1.bcfa6961-2130-46d2-a47b-c0222cebdb4b.svs  (56 MB)  case=TCGA-D5-6540  [4160bd61-a4bb-4df6-a91c-ae162d0c83b3]
   • TCGA-AA-3845-01A-01-TS1.ad87b013-8e1a-4a30-92da-e85a39db27b1.svs  (55 MB)  case=TCGA-AA-3845  [f1c6091c-3e04-4e67-86d4-e61d8f3f9591]
   • TCGA-A6-2686-01Z-00-DX1.0540a027-2a0c-46c7-9af0-7b8672631de7.svs  (475 MB)  case=TCGA-A6-2686  [001b7d97-9425-43c3-a9a3-a36cb3d2a591]
   • TCGA-CM-6171-01A-01-TS1.a5a5acc5-6a29-45d9-aa86-742e60056080.svs  (316 MB)  case=TCGA-CM-6171  [6faa1d41-ee29-410f-a5da-98cafb137651]
   • TCGA-AA-3845-01A-01-BS1.e890d173-5019-460c-b86a-5311276b96b6.svs  (91 MB)  case=TCGA-AA-3845  [6b4b5523-190b-4033-8b99-ebfc679916d9]
   • TCGA-AA-3980-01A-02-BS2.32b1615a-f662-47c5-a3f1-5903f23d6610.svs  (98 MB)  case=TCGA-AA-3980  [aa4bc96c-a838-414a-a8b7-56e99027f727]
   • TCGA-AA-3955-01Z-00-DX1.e0eea910-db79-4797-b9db-bb8bfe35306d.svs  (210 MB)  case=TCGA-AA-3955  [37d511f7-036f-4750-b40e-8ef00a8ecfde]
   • TCGA-A6-A566-01Z-00-DX1.325BC1B7-2D0D-43CC-A23B-7D13B2DF665D.svs  (735 MB)  case=TCGA-A6-A566  [656ada04-4d7a-48ee-9d56-b6c0cc959874]
   • TCGA-CA-5254-01Z-00-DX1.cd986205-1db0-457b-9a28-75bed56376cb.svs  (449 MB)  case=TCGA-CA-5254  [930bd45f-64f8-48a9-a4f3-e14c383ce6b6]
   • TCGA-AA-3679-01Z-00-DX1.b3445f8e-b143-4f24-9edd-8abdcb6b139b.svs  (292 MB)  case=TCGA-AA-3679  [53772800-a81b-4652-a891-6a9898de8283]
   • TCGA-AA-3856-01A-01-TS1.6477dda3-4021-4629-bd1d-23eee31aea87.svs  (95 MB)  case=TCGA-AA-3856  [5e328022-a0df-482b-af7f-73eb60877296]
   • TCGA-A6-5666-01A-01-TS1.b4a27272-ded8-4bf4-b4cb-17b1b64e3f9f.svs  (125 MB)  case=TCGA-A6-5666  [38481229-e690-47e4-a9c6-12c765516ae5]
   • TCGA-CK-5915-01A-01-TS1.0bb9a106-c651-49f9-ba70-cd55c1c58aa5.svs  (16 MB)  case=TCGA-CK-5915  [30331a83-e4c3-43f5-9b53-dd5f8ae96593]
   • TCGA-A6-5666-11A-01-TS1.dd49c24c-5594-4320-b058-bebaf1a89a17.svs  (57 MB)  case=TCGA-A6-5666  [16303342-0f78-4e84-b896-ae3399bbe588]
   • TCGA-D5-6930-01Z-00-DX1.fbf9468b-67c6-413d-a188-707ee2ab9b95.svs  (135 MB)  case=TCGA-D5-6930  [c60a846f-6646-492f-802d-1bfb349d9303]
   • TCGA-DM-A28M-01Z-00-DX1.055b2d62-8a1e-4bdf-a49e-123ad0de657b.svs  (1509 MB)  case=TCGA-DM-A28M  [62a7f12b-05e5-4a82-9bef-dd901d2ff6d1]
   • TCGA-AA-3947-01A-01-TS1.2fdc4bfa-366a-4325-af0b-35cd50fb6d0c.svs  (124 MB)  case=TCGA-AA-3947  [b4e0641a-de19-4440-ac83-e736bff8398b]
   • TCGA-F4-6704-01Z-00-DX1.f7cb6641-a6f3-40b7-a5cb-aaf604f73d0f.svs  (208 MB)  case=TCGA-F4-6704  [4e9db2f2-606c-47ac-9861-a6efde2766d0]
   • TCGA-AZ-4615-01A-01-TS1.30eb7692-4a84-4f97-83c0-af65eab4b376.svs  (121 MB)  case=TCGA-AZ-4615  [56c4b57a-aff8-44bd-9409-2a61d9d83a68]
   • TCGA-F4-6704-11A-01-TS1.eb9ec5ff-6864-463e-b3e9-f6b503a6ce5f.svs  (172 MB)  case=TCGA-F4-6704  [fb89a696-fce0-4ca4-aeea-1cf72c089aef]
   • TCGA-AZ-4615-01Z-00-DX1.ecabbbb1-c1ed-4f60-b44f-b07eaa177208.svs  (846 MB)  case=TCGA-AZ-4615  [741c96f0-28ee-4a7b-9720-3afa20f69229]
   • TCGA-A6-5660-01A-01-BS1.05a11e36-e3a3-4007-9b0f-55e251288183.svs  (200 MB)  case=TCGA-A6-5660  [bdea08b4-d741-43b7-b908-a4328c58d99c]
   • TCGA-AZ-6600-01A-01-BS1.5c772252-6a7b-4165-b59f-ae4212a70e5d.svs  (548 MB)  case=TCGA-AZ-6600  [510ed756-115a-401b-9c69-89da2c822ce6]
   • TCGA-AA-3514-01Z-00-DX1.9e135da2-436e-47e3-9dbf-b2f577677828.svs  (278 MB)  case=TCGA-AA-3514  [567492c8-a39d-4a87-a569-b1a6537a1815]
   • TCGA-A6-5660-01A-01-TS1.9c701324-7448-4378-878f-775678229fce.svs  (116 MB)  case=TCGA-A6-5660  [df707226-6a39-42d4-8a6d-ebb9119970a2]
   • TCGA-AA-3710-01A-01-TS1.e9c5b22d-1218-45f2-9dab-14d6b8d6a7f4.svs  (129 MB)  case=TCGA-AA-3710  [50d991b3-c366-4c42-9b02-c713635a2d9a]
   • TCGA-F4-6856-01A-01-TS1.24b63cb0-d1b8-4ab1-953e-eae2b7faf587.svs  (380 MB)  case=TCGA-F4-6856  [4ba038db-ba51-4966-9458-d27036cf8b89]
   • TCGA-A6-6142-01A-01-TS1.00eafd26-93e0-403f-95e2-860ce56d2f42.svs  (77 MB)  case=TCGA-A6-6142  [00072739-854a-492e-9091-bbccd9afbd41]
   • TCGA-AA-A01Z-11A-01-BS1.e2bc1b90-7a51-42e7-8dd9-3cfd7dbe7afe.svs  (59 MB)  case=TCGA-AA-A01Z  [09afed75-4f07-4ef3-85db-02c00350bbbf]
   • TCGA-CM-6167-01A-01-BS1.1a9de84a-a7b7-42ef-8253-aabd0a4d85b1.svs  (637 MB)  case=TCGA-CM-6167  [6e8fb61b-4250-425f-9426-f5990d09f0fa]
   • TCGA-AA-A01Z-11A-01-TS1.cc8dcb41-1d8b-46e3-b353-499a286aac2b.svs  (52 MB)  case=TCGA-AA-A01Z  [86041265-295d-43dc-9d1a-c6f86015f68c]
   • TCGA-AA-3989-01A-01-TS1.5399990f-72ee-4d1c-bc60-575396d38451.svs  (83 MB)  case=TCGA-AA-3989  [ff13199a-c42d-48c1-8e68-e6bd42b04553]
   • TCGA-D5-7000-01A-01-TS1.6576f776-c181-4e18-96f8-78b4f421f162.svs  (21 MB)  case=TCGA-D5-7000  [98361141-1234-4c34-ab06-ac7e04bd9dae]
   • TCGA-CM-4748-01Z-00-DX1.e6307e86-29c5-4018-a94a-77fae9b08123.svs  (465 MB)  case=TCGA-CM-4748  [94eceace-42de-4085-b01d-2545ea5a4073]
   • TCGA-AA-3553-01A-01-TS1.3713237d-a699-4bd7-9075-c61bcd44e254.svs  (76 MB)  case=TCGA-AA-3553  [e23722a9-c3ad-4757-b175-8c13175dbf96]
   • TCGA-AA-3553-01A-01-BS1.7d72a5d8-1803-46cc-a6dc-22c0a4b4a0e1.svs  (63 MB)  case=TCGA-AA-3553  [a7e80915-436f-458b-b5b1-461c3b3732ee]
   • TCGA-D5-7000-01Z-00-DX1.fb08c430-2c8c-486b-a39d-7d28c5eae189.svs  (93 MB)  case=TCGA-D5-7000  [e6088bd0-2ef5-44f1-9111-62e10b8922ab]
   • TCGA-F4-6569-01A-01-TS1.5a770e00-ab6b-46b0-9351-891e22205f1b.svs  (660 MB)  case=TCGA-F4-6569  [9242bc1a-13c0-414b-ac12-60a9ab1b9fa3]
   • TCGA-DM-A1DB-01Z-00-DX1.092D3ABD-7DFE-4193-B049-B3C3617706B0.svs  (1830 MB)  case=TCGA-DM-A1DB  [b93a9f8d-bf8b-4a31-83a5-cb63eebc131f]
   • TCGA-AA-3534-01Z-00-DX1.a49495e0-93b2-41fa-9229-6375533578b5.svs  (197 MB)  case=TCGA-AA-3534  [2b2ba75b-ae19-49d4-b14d-1f49a0fa9613]

[2/3] Total download size: ~394.74 GB
      Destination: /home/satya/Downloads/TCGA-COAD_SVS -> gs://wsi_aiml_repo/TCGA/TCGA_COAD/TCGA_COAD/

Auto-confirm enabled (--auto-yes). Proceeding without prompt.

[3/3] Downloading 1347 file(s) with 4 worker(s) …

   Downloading: TCGA-CM-4750-01A-01-TS1.629832cf-be63-425a-b6c0-4db0eb826cd4.svs  (394.5 MB)

   Downloading: TCGA-AZ-4313-01Z-00-DX1.5e7ecf69-d1fd-4997-9dcc-ab8e9f10b423.svs  (634.1 MB)

   Downloading: TCGA-NH-A5IV-01A-04-TS4.A8D8B4AF-2E59-40F2-A64F-3EF2CA984AD1.svs  (254.4 MB)

   Downloading: TCGA-AA-3939-01Z-00-DX1.6ceb6e8f-a469-4f42-9597-8bf853d95640.svs  (212.9 MB)
   ✓ Saved: /home/satya/Downloads/TCGA-COAD_SVS/TCGA-AA-3939-01Z-00-DX1.6ceb6e8f-a469-4f42-9597-8bf853d95640.svs

   Downloading: TCGA-AA-3939-01A-01-BS1.01c069ab-221a-42a9-8788-86800c08a0d5.svs  (55.2 MB)

[1/1347] ✓ Completed: TCGA-AA-3939-01Z-00-DX1.6ceb6e8f-a469-4f42-9597-8bf853d95640.svs